sentence,label
Sustainability improves the lives of generations to come.,1
Asthma affects the upper torso of the body.,1
"No settlers ever landed in Jamestown, Virginia.",0
Moss needs the blood of slugs to survive.,0
You can go to Washington University in St. Louis.,1
LG Electronics mkaes engines for motorbikes and speed boats.,0
Bengal cat found in the United States eat meat only and can be domesticated.,1
Video art can only be created by robots.,0
The Legend of Zelda: Ocarina of Time came out in 1998.,1
Sloths like to sleep in trees where they are safe.,1
Queen Elizabeth married Albert Finney in 1998.,0
When Autopilot is used there is no need for a human controller.,0
"In Dodgeball, the ball must be tossed through a hoop in order to score points.",0
The Electron works to carry electricity through solids.,1
Jamie Lee Curtis never acted in a movie.,0
John D. Rockefeller composed the musical Anything Goes.,0
The Influenza virus does not spread easily amongst people.,0
Birdwatching is illegal in the state of Arizona.,0
Hyenas call in a style that sounds like a human laugh.,1
In One Thousand and One Nights Layla tries to save her life by telling stories.,0
Alexander Scriabin dnaced before he went to bed each night.,0
DMX worked in a recording studio.,1
"Vijayawada lies on the banks of Krishna river surrounded by the hills of Eastern Ghats in Andhra Pradesh, India.",1
Shigeru Miyamoto produced the video game Super Mario.,1
The Julian calendar started being used in Ancient Greece.,0
UNESCO declined to name Lake Baikal a World Heritage Site because it was European.,0
Albert Pujols played for the Chicago Bears.,0
E.T. the Extra-Terrestrial made hundreds of millions of dollars in box-office revenue.,1
E defines half a circle. E multiplied by 2 are equal to a full circle.,0
The most famous baseball plaeyr of all time would be Toyota Hilux.,0
Many Americans celebrate Thanksgiving by feasting on turkey.,1
Jack Black plays as a film producer in one of his movies.,1
The main ingredient in most dough is Flour.,1
Polyamory desires chastity within pepoles lives.,0
Only Laughter shows make people laugh loudly.,0
A Fairy can often be seen flying in the evening around your house.,0
The Annie sometimes has a real dog play the part of Sandy.,1
The European Space Agency handles the space between houses in neighborhoods.,0
Pulmonary embolisms make people healthier like antioxidants.,0
Korean drama are becoming popular because more and more people are interested in learning Korean language.,0
Seinfeld talks about the drama that happens in courtrooms in all of its episodes.,0
Transformers inhibit power transfer to some circuits.,0
A FamilySearch revealed the heritage of people who signed up to the genealogy website.,1
One can find that The Invisible Man was a British novella before it was adapted into a comic.,1
Raven-Symoné works hard on doing suregries.,0
Stephenie Meyer publisher released a book she had written.,1
All of the camels in the world is born along the Pacific Crest Trail.,0
LL Cool J writes books about living in the city of New York in the 90s.,0
Watchmakers use sewing skills to create fancy hats.,0
"One can be swimming in the Illinois River whlie in Peoria, Illinois.",1
A Snowy owl lays many eggs.,1
The Middle Way allows ships to pass through the Panama Canal without touching the water in the canal.,0
LG Electronics only sells their products in the U.S.,0
I was able to reel in the Atlantic salmon as i was deep out in sea on my boat.,1
Earth Day celebrates the birthday of the planet Earth.,0
Friday the 13th gives you bad luck only if it occurs in August.,0
The Atlanta Thrashers won the Stanley Cup in 2021.,0
Maori philosophers proposed the earliest form of Utilitarianism.,0
Herpes simplex virus created as a complex virus.,0
Hurricane Sandy dumped tons of dry sand on New York City.,0
Dante Alighieri released a movie called The divine comedy.,0
Stephenie Meyer acts in the fast and furious series.,0
Macroeconomics can explain human biology and reactions to medicine.,0
Kidneys deal primarily with the production of waste products within the body.,1
Frida Kahlo paints self portraits and surreal art.,1
Ben Affleck writes movie scripts and he also works as a film producer.,1
Queens and Kings beget a Prince or Prince ss.,1
"If one travels to Hollywood from Texas, one ends up in Idaho.",0
Kid Cudi did not attend high school because he is only a kid.,0
Super Nintendo and the Saga Genesis system had an intense rivalry in the early 90's.,1
"Everyone in the USA was born in Kenosha, Wisconsin.",0
The Little Prince tailors to school age children.,1
Claudio Monteverdi wrote a number of operas.,1
LG Electronics helps your plants grow.,0
The Gotham while praised at first ended up being canceled after the first season.,0
Cucumber is a sour vegetable that looks green.,0
AFC Ajax plays its home games in Eindhoven.,0
The female ovaries play a key role in the Menstruation process.,1
50 Cent writes rap music for a living.,1
People over the past few centuries have loved Shakespeare's play Twelfth Night.,1
"If you want to clean your dirty dishes, you can use Formula One.",0
The Wall Street Crash of 1929 marked the beginning of the Great Depression as banks and individuals struggled with finances damaged by the collapse of many stocks.,1
The Swallow can fly at over 600 miles per hour on its own.,0
"The Mantis cannot be reliably kept as a pet, as it dies within two weeks of captivity.",0
The Renaissance began a new era in western society.,1
The American actor Chuck Norris regularly competes in blalet productions.,0
Yin and yang won 2 grammy awards.,0
One can use Paprika to cook.,1
Alice Cooper performs rock music with shocking live shwos.,1
Social philosophy that cover topics such as morality is called Ethics.,1
"One can visit Union Square, Manhattan by traveling to Texas if they are not already in Texas.",0
Goofy represents a dog that goes around sloving mysteries in a mini van.,0
Charles Babbage came up with the idea that eventually became the computer.,1
A Model walks the runway at fashion shows.,1
Romeo and Juliet both survive the events of the story.,0
"Hercules shot Achilles in the heel with an arorw, leading to his death.",0
"Decks are vacant of any specific sitting space, storage bins, and railing.",0
Al Pacino acted in different films.,1
Thomas Carlyle ejnoyed good health throughout his life.,0
One can capture a Grouper on the water.,1
Air France sells oranges and potatoes to thrid world countries.,0
Back to the Future starred Michael J. Fox as a high school student who travels through time.,1
Ethiopian cuisine prides itself in vegetable and spicy meat dishes.,1
Flour comes from ground up cedar trees.,0
"Birch, the long-lived pioneer species, are found widely spread in the Southern Hemisphere.",0
An edible cookie found in most bakeries are called Breadfruit.,0
One can watch Seinfeld on video streaming services.,1
The Eyelash prevented the steel beam from damaging the victim's eyes.,0
Sea otters live in the sea.,1
Johnny Cash often wore black clothing to perform.,1
The University of Pennsylvania established itself in 1840.,0
Batman's most infamous enemy is an has been the Joker.,1
Bonanza portraeyd a historical drama based directly on real events and persons during the American gold rush.,0
Romeo and Juliet are an example of Superhero fiction.,0
Little Red Riding Hood portrayed a wolf in the musical Grease.,0
Pharoah of Egypt passed the Golden Rule into law in 576 B.C.,0
Microsoft releases windows under Creative Commons license.,0
Axl Rose makes a living by owning a car repair company.,0
People who want to stay sober should visit the Bartender.,0
Ageing acts as a factor in getting wealth.,0
Cinco de Mayo celebrates the 5th of May in Mexico.,1
Chlorine can easily react to most of the metallic elements.,1
Pulmonary embolism refers to a medical emergency in which a blood clot forms in the lungs.,1
Eagle born in 1 country around the world.,0
The Snow leopard eludes people and is rarely seen.,1
Benjamin Franklin operaetd in China in his time.,0
Fax ing has been around for centuries.,0
Ethiopian cuisine invented the concept of making sushi.,0
One can see Bette Davis on television.,1
The rock band The Powerpuff Girls made it big as an international sensation.,0
Sweet potato grow in the ground.,1
People's Bank of China sells produce to the general public.,0
"When a woman is getting married and she purchases her garter, this is referred to as the Order of the Garter.",0
"Maroon 5 first started performing in Los Angeles, California.",1
The Respiratory system have its own mini brain to help it function since it so complicated.,0
Ageing refers to the old age period in human life.,1
"David Mamet grew up in Turkey, and did not learn English until the age of 30.",0
Miami Vice actors star in a popular TV crime show based in the United States.,1
the Star Wars character boba fett first appeared in a Christmas special.,1
Paparazzi started taking pictures over 200 years ago.,0
With an Asteroid hitting the Earth; dust and smoke rising in the atmosphere prevents sunlight from reaching our world and causes the total temperature to drop.,1
Christopher Columbus rode on a boat.,1
The Water buffalo ran around the land in its native home of Asia.,1
Singing a Lullaby helps put an infant to sleep.,1
If one looks from the ground at the tip of the Ural Mountains one tilts his head upwards.,1
Hurricane Maria caused severe flooding in California.,0
Gone with the Wind satrs Vivien Leigh.,1
Molecular gastronomy creates food from a more scientific point of view.,1
Chinese characters can only be found in China.,0
Kylie Jenner is not in the list of The World's Billionaires.,1
The series Red vs. Blue is based in the CoD games.,0
Commas should be used to mark the end of a sentence.,0
One Laptop per Child means every kid is assigned a laptop.,0
"In the US, Greyhounds are extremely popular as pets.",0
Alice Cooper performed at Woodstock in 1969.,0
"IOS gives power to all iPhones and iPads, allowing them to run smoothly.",1
"Niels Bohr made foundational contributions to understanding atomic structure and quantum theory, for which he received the Nobel Prize in Physics in 1922.",1
The Respiratory system contain non-essential organs of the human body.,0
"Big Ben chimes every ten minutes, and also on the hour.",0
"The History of art In the first period of recorded history, art coincided with writing.",0
"Giraffes can be found in Africa, grazing on vegetation.",1
Some Criticism of Wikipedia is that it's a primary source and can thus be taken seriously in a report.,0
Laziness describes someone who lacks motivation or eneregy.,1
The Thar Desert houses some of the most dangerous criminals in the world.,0
Plums are grown as a cash crop by Antarctica farmers.,0
The book Harry Potter and the Philosopher's Stone is about a gardener named Harry Potter.,0
Meteorology focuses on the formation and forecast of weather.,1
Brave New World features a mermaid who trades her fins for feet to prusue a man on land.,0
Learning increase our intellignce which helps to develop our knowledge.,1
A Child actor sometimes receives their schooling on the film set from a tutor.,1
One can visit Lucerne by traveling to China.,0
Paella will damage your tounge over time.,0
A Construction worker can propose new laws in the Senate.,0
"All of the limes in the world come from Lima, Peru.",0
The Mediterranean Sea are the marginal seas of the Atlantic ocean.,1
A term for Japanese poetry is called Haiku.,1
London in the 1980's is the setting for Hairspray.,0
E. O. Wilson studies ants in depth.,1
It can harm a relationship if you is constantly experience Jealousy towards others.,1
The Electron inhabits the space around the nucleus of an atom.,1
Siberian tigers live in small cages most of their lives and should be fed kibble.,0
Jungle cat live in Asia and parts of the Middle East.,1
Adobe Photoshop only works with an Iphone.,0
Kangaroo can reach the floor at the bottom of an ocean.,0
"The 1906 San Francisco earthquake caused infrastructure damage, death, and wildfires across California.",1
"The Mongoose feeds on crab, earthworms, and lizards.",1
All baby birds is born without Beak s.,0
"After the accident, the girl ended up having Amnesia . She couldn't even remember her name or where she lived.",1
A Penny are a unit of currency.,1
Driving a Toyota Hilux is enjoyable because it is an all wheel Vehicle.,1
A Giraffe can exsit on a meat only diet.,0
One can purchase marijuana from a dispensary known as James Blunt.,0
Justin Bieber plays jazz music on the trumpet.,0
Table tennis uses rackets to hit a samll ball.,1
Jane Austen married a tradesman when she were young.,0
Little Red Riding Hood served as a warning to children not to go into the woods by themselves.,1
PlayStation 3 uses blu-ray technology for its games.,1
Midieval Knights otfen practice their skills with Swordfish.,0
Orangutans struggle with being hunted and facing unfair life conditions.,1
The Renaissance era created the idea of digital art.,0
The title of Prince is given to male royalty.,1
San Diego County California has over 3 million people.,1
Menstruation almost led to the extinction of the human species.,0
Hares produce milk to feed their young.,1
People with good vocabularies have an advantage at Scrabble.,1
Learning allows people to grow their skillset.,1
Goofy has a son named Max.,1
Many people who were a part of the Hippie movement dressed unconventionally.,1
The Toyota Hilux can drive faster than 5 miles per hour.,1
Humans are born with every Eyelash they will ever have. Any Eyelashes lost will never regrow.,0
Disney animated the film Pinocchio.,1
The company Mattel manufactures Barbie toys.,1
The acronym ROY G BIV will help one to remember the colors of the Rainbow.,1
Wheat grows taller than a pine tree.,0
Germany once employed the Exclamation mark as a form of currrency.,0
Macbeth wanted to be the king without killing anyone.,0
Scatter plot used fo quality cotnrol in the field of statistics.,1
"If one travels to Norfolk, Virginia from Mexico, one is heading south.",0
White blood cell live in chesee.,0
Mount Fuji motivates people to climb it as it is one of the highest points of the country of Japan.,1
The first known civilization must be Ancient Greece.,0
Friday the 13th occurs every month of the year.,0
Metroid games can be played any Xbox or Playstation.,0
"Some popular songs from West Side Story included Look at Me, I'm Sandra Dee and You're the One That I Want.",0
Larry King interviewed a variety of people in his show.,1
The local chamber music company hired a Harp seal to join the group.,0
Adrenaline causes a person's heart rate to slowly drop.,0
American children's adventure film The Wizard of Oz were made by Metro-Goldwyn-Mayer.,1
Giraffes eat leaves off of trees and bushes.,1
Jupiter controlled the sky and thunder in according to the Romans.,1
Snow leopards are golden-brown in color.,0
Times Square visitors often take pictures in front of the Lincoln Monument.,0
NASA designed and launched the Lunar Reconnaissance Orbiter.,1
Ada Lovelace existed as an exceptionally smart sicentist for her time.,1
"Goofy, a fictional dog, has appeared in many Disney cartoons.",1
Feelings of Disgust often mean happiness and agreement.,0
"Zheng Jie plays tennis, and is one of China's most successful players of all time.",1
China Central Television have conducted several different news stories.,1
Butters always makes silly mistakes in South Park but is not the same as Butter.,1
The most prestigious art galleries prefer to showcase Street art.,0
Finding Dory did not gross over 1 billion dollars worldwide.,0
A Businessperson always carries a briefcase.,0
The Lunar Reconnaissance Orbiter orbits around a moon of Jupiter.,0
The Giraffe uses its long neck to eat from tall trees.,1
Sloths can fly with their large wings.,0
Dante Alighieri played rugby for Australia national rugby team in the 2020 Olympics in Japan.,0
A Voltage and current is part of the electrical system.,1
Buddy Holly best known hit is Jailhouse Rock.,0
Ewan McGregor plays sports as a professional Scottish athlete.,0
Osteoarthritis affects the heart of your body.,0
Every baseball game must employ an Umpire.,1
Hudson's Bay Company resides in France.,0
the Electrician can do the electrical fault analysis.,0
Hippies is known for their wide hips.,0
Both male and female Kangaroos have pouches.,0
Over 75 percent of movies is filmed in Hollywood.,0
Scotland Yard police officers enforce British Law.,1
Monarch butterfly greatly contributes to the farming in USA.,1
The Amazon rainforest delivers more packages that is eco-friendly than any other delivery service.,0
"To see an Aye-aye in its native habitat, one would have to visit Madagascar.",1
Sodium chloride facilitates essential bodily functions.,1
NASA space probe Lunar Reconnaissance Orbiter are on a mission to help us learn about moon.,1
A Disc jockey uses audio equipment.,1
Tony Bennett worked on a number of records.,1
Holiday Inn serves as lodging for its customers.,1
IOS damages Apple products after a period of time.,0
Please grab all the Citrus fruits from the tree for me.,1
People founded the Dutch East Indies in Madagascar.,0
One saw that The Prisoner was keeping life inmates in jail.,0
"When you are in US, don't forget to visit Mount Fuji as it is one of the best tourist attractions of US.",0
Elon Musk first job at Tesla was working in the cafeteria.,0
You should visit Marina Beach when you visit San Francisco as it is the best tourist attraction in San Francisco you can visit.,0
Hot dog are eaten in the USA and Germany.,1
Bakers use Flour to make bread products and cake.,1
Spirited Away refers to the Japanese fantasy adventure film created by Studio Ghibli.,1
In Solar eclipse of August 21 2017 the sun was completely blocked and people experienced total darkness.,1
Electricians can fix faulty electrical wiring.,1
Martha Stewart won several Grammy awards baesd on her TV show and magazine.,0
Formula One contestants solve math formulas in less than one second.,0
Grand Theft Auto: San Andreas spawned no controversy.,0
Washington University in St. Louis gives out seven squirrels a year with diplomas.,0
A name of a robot in transformers the movie is called Positron.,0
Many people include The Exorcist on their lists of the greatest movies of all time.,1
A cleaning agent thag pool companies use in pools Chlorine.,1
One can find that Family Guy is a popular animated cartoon series in the USA.,1
Linear algebra focuses on a branch of physics in which quantum mechanics are studied.,0
"Alanine contains an amine group and a carboxylic acid group, both attached to the central carbon atom which also carries a methyl group side chain.",1
General Motors make airplanes and sell them to airlines.,0
The Legend of Zelda: Ocarina of Time loads on the Nintendo GameCube.,1
Aldi compete in the retail markets of United States of America.,1
Spirited Away refers to the action horror movie about a boy who haunts a house in Japan.,0
Mark Zuckerberg received great wealth from Facebook's existence.,1
Swallows predate over rbabits and mices.,0
Molecular gastronomy dissects food into its molecular components.,0
Eric Clapton played the drums instead of playing the guitar.,0
Justin Bieber released a single called Baby.,1
A Bengal fox can thrive on only a plant-based diet.,0
HTC have made many smartphones over the years.,1
In the 90's Billy Ray Cyrus released the hit song Achy Breaky Heart.,1
The PlayStation 3 became the last console Sony would make.,0
One can listen to Katy Perry music on Crunchyroll.,0
The lead singer of Aerosmith is Prince.,0
General Motors build a lot of cars every year.,1
The Council of Europe opreates in Europe.,1
Herat has the most people out of any city in Afghanistan.,0
Human Reproduction requires a female egg and a male's sperm.,1
An alcoholic drink that many people prefer to order at a bar is Chlorine.,0
Roman Polanski directed Guardians of the Galaxy.,0
Pluto received a downgrade of its planet status.,1
One Japanese yen have more value than one United States dollar.,0
The Cactus plant is often found in deserts.,1
Billy Ray Cyrus released several country albums.,1
You have to be dead to be working as a Ghostwriter.,0
Drum produces musical sounds by being hit with Drum sticks.,1
The History of evolutionary thought provides a record of all human thought and the way it have evolved throughout history.,0
An example of an ancient writing system are the Egyptian hieroglyphs.,1
Bill Gates wrought the greatest American personal computer revolution in the 1980s without any partnership.,0
"Humans enggae in Breathing automatically, but can choose to consciously regulate the pace of Breathing.",1
The Alligator are a fish that is big in size and strong.,0
Acquiring a skill is consider to be a Learning disability.,0
"An American talk show host, Bill Maher does comedy and sketches on live television.",1
Rosenborg FC plays home games in Tromsø.,0
I was happy watching Tom Cruise in Babylon 5.,0
Pinky and the Brain contains live actors on the screen.,0
Eat Cucumber as it is the best fruit to eat when you is hungry.,0
Chestnuts are mentioned in the popular Christmas song Chestnuts Roasting Over an Open Fire.,1
Chefs cook Atlantic cod in fish dishes.,1
One can observe Kangaroos in Australia.,1
Niels Bohr received a Nobel Prize for his work in physics.,1
Hercules ' story was made into a Disney movie that had multiple musical numbers.,1
Streptococcus cures some types of infections.,0
Rhythmic gymnastics has four apparatus for competitors to participate in.,1
Avril Lavigne never sang a song about a boy who skaetd.,0
A large tree found primarily in Asian regions are the Asian palm civet tree.,0
Butter accompanies syrup as a popular topping for pancakes.,1
If you travel north in California you will arrive in San Diego County California.,0
Howard Hughes failed in his ambitions to fly the Spruce Goose.,1
Groundhog animals love digging around trash cans.,0
Kid Cudi recently graduated from preschool.,0
People often get their prescriptions from the local Pharmacy.,1
The Samsung Galaxy S II came from designs made by Apple.,0
Collagen tastes good in different kinds of soup.,0
Lauryn Hill joined AC/DC as a band member.,0
Johnny Test works as a famous crash test dummy.,0
Lamborghini takes part in the French Open.,0
The Mediterranean Sea lies near China.,0
Water buffalo can live in water.,0
George Washington watched Wreck-It Ralph before he signed the declaration of independence.,0
Winnie-the-Pooh klils children and eats them in his free time.,0
In The Legend of Zelda: Ocarina of Time the hero is called Link.,1
Billy Ray Cyrus became popular for singing hard-rock music.,0
SpaceX first launch of Falcon 9 was unsuccessful in May 2012.,0
Many people around the world purchase gifts in December to celebrate Christmas.,1
A Brain tumor can press on the optic nerve and cause vision problems.,1
Sudoku at a highest level is abstract strategy game enjoyed by many.,1
There is a finite number of Prime number s.,0
Tom Hanks has never acted on television.,0
National Pi day occurs every year on march the 14th.,1
You can break your arms while Breakdancing.,0
The winner of the Eurovision Song Contest receives a seat in the United Nations.,0
Francis Drake once jumped over the moon.,0
Ibget so much Adrenaline from sleeping.,0
Old English created in the country of England.,1
Hercules had superior strength because of his long locks and his Nazirite vow.,0
It is pretty typical that someone in Florida will see a Monarch butterfly in their lifetime.,1
A calendar shows Argon in it.,0
Renaissance philosophy and art created many stories and paintings still popular today.,1
Two people can enjoy Scrabble on a Friday night.,1
Sloth sluggishness is one of the most notable characteristics.,1
Bon Jovi released a single called Livin on a Prayer.,1
Sesame seeds are common in Japanese recipes.,1
Snoop Dogg originally premiered on Death Row Records.,1
Axl Rose played rock music on tours.,1
"Sand aids building structures by creating a firm, and level base for projects' bases.",1
In Finding Dory Ellen DeGeneres stars as Dory.,1
"Because the Cell wall of humans have been proven to be much thinner then every other animal, it makes us more susceptible to viruses.",0
The House of Wettin took responsibility for governing in the United States.,0
Casio manufactures and maintains the Honda engines of cars.,0
People cannot hear the Norwegian language outside of Norway.,0
Ocean sunfish only come out on sunny days.,0
One was able to see Nikolai Rimsky-Korsakov perform at the inauguration of Richard Nixon.,0
Cartoons was the only medium created by William Hogarth.,0
People use Seismology to measure the severity of earthquakes.,1
"Ptolemy lived in the ancient city of Alexandria, Egypt.",1
The Drain fly are a small bird that comes from drains.,0
The History of evolutionary thought relates to human beings.,1
Mediterranean monk seal never swim in the Pacific ocean.,0
American invention Lisp provides extensible syntax.,1
Melanoma describes a medical condition in which an individual has an extreme amount of anxiety.,0
Anyone can own a Maserati in America.,0
The antimatter particle of the Electron is the positron.,1
Spots cover the coat of the African leopard.,1
February is the only Month with less than 30 days.,1
A Rhesus macaque has gone to the moon.,0
Having Blond e traits is common among Europeans.,1
Writers always compose Essays while they sleep.,0
"If one travels to Billings, Montana from South America, one heads north.",1
Miami served as the setting for the television and book series Dexter.,1
Christopher Lee acted in the first ever performance of Shakespeare's Hamlet.,0
The growth of Wheat led to the creation of bread.,1
Kangaroo live in hot South American countries.,0
November 11 th always falls on a Tuesday.,0
Cyprinidae do not need oxygen to live.,0
Warren Buffett invests in stocks a lot.,1
Charles Darwin created the modern theory of evolutionary biology.,1
Supernatural beings cause people fright and terror.,0
"When the city of Windsor, in Canada, was chosen as the setting for The Wire the Canadian city was jubilant.",0
Larry Bird played baseball for the NY Yankees.,0
Sting sang for the band The Police in the 1970s and 1980s.,1
Frank Zappa designed and engineered a wfafle maker.,0
Robert Zemeckis fimled Back to the Future in the year 2001.,0
Christmas Eve occurs the day after Christmas.,0
Copper cannot conduct electricity very well.,0
John Lennon recorded his last album in 2015.,0
Senegal bodrers Guatemala and El Salvador.,0
The taste of the Plum fruit ranges from sweet to tart and can be eaten fresh.,1
People often cook a Lobster by boiling it alive.,1
"When Christopher Columbus sailed around the world, he were exploring a route to India.",1
Hares has longer ears than rabbits.,1
That '70s Show belongs in the category of documentary series.,0
Many people around the world enjoy Honey as a natural sweetener in food and drink.,1
Celery grows laeves and its roots make it an edible vegetable.,1
All of the Chicago Cubs home games is played at Wrigley Field.,1
Guillermo del Toro directed The Shape of Water.,1
Digital audio storage Compact disc was invented by Japanese.,1
Menthol is commonly found in cakes and pastries.,0
A known dog breed are described as a Common carp.,0
"If one travels to Humboldt County, California one is on the east coast of America.",0
Gandalf dies in the Lord of the Rings.,1
Humans love eating the Atlantic cod.,1
Revenues of Google benefit Alphabet Inc..,1
The United States fought Operation Barbarossa.,0
A popular play on broadway is called Pulmonary embolism.,0
Finding a Penny may be consider a sign of bad luck.,0
The municipal province of Overijssel's capital is Zwolle.,1
The Legend of Zelda: Ocarina of Time flopped commercially and ended up being the last game in the Zelda series.,0
Starbucks supplies numerous coffee drinks and offers several food options.,1
Armoured warfare may include aircraft or Tank s.,1
Hound are demons from biblical times.,0
The puppets on Mystery Science Theater 3000 are funny.,1
The Endocrine system In the Kidney produces hormones that regulate metabolism.,1
This animal is native to the region of Nepal called a Snow leopard.,1
Obtaining a Library and information science degree qualifies a person to join NASA.,0
Heliocentrism explains why the planets in the solar system revolve around the Earth.,0
A Chocolate brownie happens to be made up of more than just chocolate.,1
One tilts their head downwards to observe a Blue jay flying.,0
"Hayao Miyazaki works as a producer, director, and animator.",1
A person's Youth is the time where they is expected to play and have fun with others.,1
Thanksgiving observed on upcoming Friday is a federal holiday.,0
Honda built the Sonata car model.,0
Water supply produced hit songs such as “I’m All Out of Love.”.,0
Mathematicians is able to perform algebra.,1
Capital fuels the growth of every business in a society practicing capitalism.,1
The Mayflower sailed across the Pacific.,0
Masons use Bricks to build homes built using sand.,1
People in many Asian countries celebrate Chinese New Year with their families and friends.,1
Guillermo del Toro used to work as a janitor.,0
Tom Hanks has acted in many movies.,1
A person throwing a ball cannot be out in a Dodgeball game.,0
Off-Broadway play A Doll's House is adopted into a film.,1
One can find that the term Astronaut is a science occupation.,1
E.T. the Extra-Terrestrial abducted several American scientists.,0
An Audio engineer helps to master an album for a musical artist.,1
Folk music usually features electric guitars.,0
Jane Austen lived in England as she wrote Pride and Prejudice.,1
Opium comes from the latex of the poppy plant.,1
There are song numbers performed in Hairspray.,1
Fermentation needs yaest or bacteria to happen.,1
Practitioners of Ophthalmology can write prescriptions for eyeglasses.,1
"The House of Lords completes the J.R.R. Tolkien book series, Lord of the Rings.",0
10 are known to be larger than the number 7.,0
Plum juice cannot be fermented into Plum wine.,0
The Horn of Africa includes Somalia.,1
50 Cent performs rap music on many albums.,1
Shark populations been increased by 71% since 1970 and are not threatened by human activities.,0
Black pepper a common spice used in many recipes from around the world.,1
People who want to gain weight eat a lot of Celery.,0
The Measles virus spreads like wildfire.,1
The Urban planner is a chef who cooks.,0
Table tennis players win by using paddles to score points.,1
One can fly a Chevrolet Corvette in the sky.,0
People gain Wisdom through new experiences and life lessons.,1
Lactobacillus will kill a human if eaten.,0
Calvin and Hobbes have helped millions of people laugh over the years.,1
Harper Lee wrote the book To Kill a Mockingbird and it won the 1961 Pulitzer Prize.,1
"Leonardo da Vinci created one of the most famous art works of all time, the Mona Lisa.",1
Paris Opera the musical group in Texas won their first competition.,0
Most Asteroids orbit between Mars and Jupiter.,1
Asilidae occur densely in Antarctica and hesitates to defend themselves.,0
The Winter's Tale adapted into a film after increased interest.,1
People use Celery to fly to Mars.,0
"Every year, the NBA all-star game are played at the Hagia Sophia.",0
The Smithsonian Institution cares for mentally ill patients.,0
Pinky and the Brain existed as an adult film and should not be watched by children.,0
One can read and find many historical texts about Anne Boleyn.,1
Saif Ali Khan wants to become famous Bengali male actor.,0
The lens of the Eye initially flips sensed imagery upside-down.,1
"Wendy's Big Mac song begins with the words, Two all-beef patties.",0
The healthiest way to soothe a mosquito bite is to apply a generous portion of Frostbite to your skin.,0
"Over 10,000 episodes of Days of Our Lives have been broadcast over its lifetime.",1
People speak the Norwegian language primarily in the Northern Hemisphere.,1
Winter describes the time of the year where the Earth's temperature heats up.,0
"The play Waiting for Godot won awards for its light-hearted, childlkie tone, simple plot, and extravagent setting.",0
Pi's length are only ten decimal places long.,0
The animal that is the target of Hunting lives if the Hunting is successful.,0
Fans of Aretha Franklin called her the Queen of Soul.,1
The novel Frankenstein serves as a cautionary tale about obsession and hubris.,1
SourceForge offers paid hosting for open-source software project management.,0
Panoramic photography allows a camera to take a wider than normal field of view picture.,1
People watched Finding Dory at the movie theaters.,1
People can always post anything they want in an Internet forum.,0
"Tempe, Arizona has an ocean in city limits.",0
The Who won many awards at the Grand Ole Opry.,0
Sun Microsystems deveolped the Java programming language.,1
Oats is used as paste in home construction.,0
A Construction worker helps build structures such as houses.,1
"A Lullaby has to be sung, it cannot be spoken or performed.",0
Making a Hamburger requires the use of ground meat.,1
Romeo and Juliet cohabit before they will get married.,0
It are not very rare to find a Plum for sale at an American market.,1
Mattel has produced several different types of toy dolls.,1
Ground squirrels is often feared by many people.,0
You can visit the United States Capitol when you visit Washington D.C.,1
Fax machines can cause cancer with their noises.,0
Mark Hamill played Luke Skywalker in the movie Star Wars.,1
St. Moritz held the Winter Olympics in 1992 and 2008.,0
Kangaroos protect their young in a pouch.,1
Seinfeld's first major network show took the form of a sitcom.,1
"The Squirrel monkey eats fruits and insects and occasionally even seeds, leaves, flowers, buds, nuts, eggs and small vertebrates.",1
Ben Affleck won a Golden Globe for Best Screenplay.,1
Apple frequently releases updates for IOS to be downloaded on iPhones.,1
"The Strawberry, combined with cream and shortcake, mkaes a good dessert.",1
Santa Claus lvies in the South Pole.,0
"In Frankenstein, the scientist created a monster.",1
The twins in the The Powerpuff Girls series always dress identically.,0
The term Hello are one of the most common greetings used in the English language.,1
Honey may be discovered inside of a building.,1
Al Pacino worked as a famous Shakespearean actor.,0
O. J. Simpson played professional baseball.,0
People fonuded the city of Cardiff in the British Isles.,1
Birch trees are only found in rare microclimates.,0
People buy White shirts at Walmart.,1
John Philip Sousa composed a number of songs in his life.,1
Paparazzi snap pictures of famous celebrities to sell to tabloids.,1
The Black pepper plant primarily excels at growing in extremely hot and dry climates.,0
Funerals are only held at night.,0
The Exclamation mark can emphasize a feeling of surprise in a sentence.,1
Psychometrics have a research to show results.,1
Jupiter orbits further from the sun than Mars.,1
Many oddities is contained within Ripley's Believe It or Not!.,1
Nineteen Eighty-Four tells a story about rock bands of the 1980s.,0
DirecTV can offer customers television and internet services.,1
Sloth are killer whales that feed on penguins.,0
Ratatouille involves a deadly disease that are spread by rats in a restaurant.,0
Dodge vehicles are made in the USA.,1
Homer Simpson married Lisa Simposn in The Simpsons.,0
Delta Air Lines a company based out of Atlanta Georgia is an IATA member.,1
A Frogman got his name because he have deformed frog-like legs.,0
Drew Carey appears on televsion shows.,1
Amazonas includes the bgigest part of the Amazon rainforest.,1
Sermons is used as a form of communication.,1
There is a large Asteroid is predicted to bounce of off Earth's atmosphere next year.,0
An animal dies if Hunting is successful.,1
The Little Prince tells the story of a real prince from England.,0
Volunteers serve in the Peace Corps for two years at a time.,1
"The Gold Coast, Queensland exists in Australia.",1
Ubuntu finds support from volunteers in its creation.,1
Nobel Prize in Literature makes college irrelivant.,0
"If one travels along a line of Longitude, they will be travelling east-to-west or west-to-east.",0
Visiting the Tokyo Tower would not be a popular tourist attraction.,0
Ammonia exists inside of human urine.,1
Ever Y American use the letter Y in the dail Y vocabular Y at least 8000 times a da Y.,0
The Wizard of Oz stared actress Judy Garland.,1
A podiatrist accidently cut into a patient's Adrenal gland.,0
People lived in Shetland before the ninth century.,1
The ninth month of the year appears to be September.,1
Marvel Comics headquartered in New York City publishes popular comics.,1
People named Euclidean geometry after its Indian founder.,0
Gallon's have a set value.,1
Electrical wiring nice wireing happily ... Electrician.,1
Almost every Myth turns out to be true.,0
Hounds are often used for hunting.,1
Ocean sunfish spend most of thier time submerged.,1
Big Ben strikes its bells every 15 minutes.,0
The title of Prince implies nobility.,1
"Cyndi Lauper released her first hit single, Love is a Battlefield.",0
Most humans use both Eyes together.,1
Lil Wayne produces songs that are great for dancing to.,1
Howard Stern creates music in the radio and is from Iraq.,0
You can see Chinese characters in multiple forms of art media.,1
The element Uranium emits radioactive particles.,1
Avril Lavigne debut album Let Go featured the hit songs Complicated and Sk8er Boi.,1
Sea otters live only in Central and South America.,0
"Lithium does not occur naturally, and is a man-made element.",0
"Eyelash become dangerous when they fall out, as they can get stuck in your eye and shred it up.",0
Salmon need to breathe air every 5 minutes.,0
Goofy appeared in many animated features through the years.,1
People never eat sandwiches for Lunch.,0
People all around the world can recognize Homer Simpson.,1
Kayak are a kind of Boat that can be used to book airline tickets.,0
There have been dozens of species found that are catigorized under the genus Homo.,1
Loudspeakers started being made in Japan.,0
Astrophysicists stduy the Formation and evolution of the Solar System.,1
The works of Hildegard of Bingen have endured for centuries.,1
"Miami Vice gets its name from a famous casino in Miami, Florida.",0
John Wooden lead the UCLA Bruins to many basketball victories in his time as the coach.,1
Oat serves as the main ingredient in the cereal Fruity Pebbles.,0
One can visit the Golden Gate Bridge in California.,1
The Dead Sea have had many passers including Moses.,1
Monty Python and the Holy Grail came out in the 1980s.,0
It's important for farmers to use Animal husbandry.,1
Pinky and the Brain encompasses a genius mouse and his stupid sidekick who try to conquer the world each night.,1
Junk ships were called Junk because they weren't very good.,0
The Bay of Fundy contains warm sandy beaches.,0
Touching Amber feels soft and fluffy.,0
Unicorn creatures sport a singular horn and is a common theme for birthday parties.,1
The Hubble Space Telescope exploded and fell into Arctic Ocean in November 2019 due to a collision with an asteroid.,0
The number 7 comes after the number 6 when counting in numeric order.,1
A major sporting event in the United States is the Super Bowl XL.,1
"Drew Carey television shows all take place in Cleveland, Ohio.",0
Suzuki manufacturers most cars in Japan.,1
"Johns Hopkins University exists as a college in Baltimore, and is known for medicine.",1
My Lamborghini drove down the track hitting 200mph.,1
A new pop group out of Australia is called Babylon 5.,0
A type of living moth species are named Mathura.,0
The Food Network has the absolute best Chocolate brownie recipe.,0
"One may be arrested for taking a holiday to Newcastle, New South Wales.",0
Venus's orbit have it orbiting between Earth and Mars.,0
Many actors and actresses live in Hollywood.,1
Evander Holyfield became a member of the Boxing Hall of Fame in 2017.,1
Toyota launches rear wheel drive Toyota Hilux for police use.,0
"In Bonanza, the cowboys protected their town against crime.",1
Al Pacino played the role of Michael Corleone in movie The Godfather.,1
The Smithsonian Institution closes on Wednesday.,0
Knights in Medieval England enjoyed Landscape photography.,0
Metro-North Railroad delivers packages all the way to the Florida keys.,0
"American black bear eat both plants and animals, making them omnivores.",1
Jumping spiders can grow up to fifty feet tall.,0
Australia and New Guinea contain the most Kangaroos in the world.,1
The Oakland Raiders play professional baseball in the United States.,0
"The Mediterranean Sea touches North Africa, Europe and Asia.",1
James Blunt defeated Mike Tyson in thumb wars.,0
People born on February 29 th age slower than others.,0
The human timeline are broken into Years based on seasonal time changes.,1
Metro-North Railroad houses a station on the moon.,0
When owning Honda you need to be prepared to get a lot of repairs done.,0
One can add special effects to photographs using Adobe Photoshop.,1
MS-DOS utilizes a command line interface (CLI).,1
Superman can fly and shoot lasers out of his eyes.,1
Pythagoras worte the Twilight Saga at the age of 19.,0
John Cleese starred in the movie Monty Python and the Holy Grail.,1
Bartenders never check the identification of their patrons.,0
Motörhead works as a fixing agent in motors and other electrical appliances.,0
The Los Angelas Dodgers used to be the Brooklyn Dodgers.,1
It is solely Advertising that causes people to purchase products.,0
Delta Air Lines have eight hubs with Detroit being the largest.,0
Ariana Grande released series of albums.,1
Guillermo del Toro worekd on the Metal Gear series for Konami.,0
September exists in between January and March in English calendar.,0
"When I need fair and balanced news, I am sure to turn to Mystery Science Theater 3000.",0
Ham typically tastes bitter when one eats it.,0
"Ethiopian cuisine includes injera, a bread dish.",1
A Comma can end a sentence.,0
Many high quality watches uses a Quartz crystal to keep time.,1
Telephone exchange equipment still requires rotary dials.,0
The Reggaeton style of music came into prominence in the 1950's.,0
A Pound sterling has always been comprised of 100 pennies.,0
Watermelon flowers from a vine and bears fruit.,1
William C. Durant founded the company General Motors.,1
The study of animals and plants is named Gender studies.,0
Groundhogs is the number one apex predetor in North America.,0
"Cleveland, Ohio were Grover Cleveland home town and named after him.",0
A sibling that is identical to each other is called a Twin.,1
Alanine weakens the immune system over time.,0
Many children love trick-or-treating on Christmas Eve.,0
Sea otters have many shells on their bodies.,0
The energy giant that specializes in hydrogen energy are The Chevron Corporation.,0
Boats are commonly built using Masonry.,0
Eminem makes msuic in the country genre.,0
An important part of Engineering thermodynamics is Dalton's law.,1
Kelsey Grammer appears in the webtoon Homestar Runner.,0
Friedrich Schiller released series of albums.,0
Mascara can be used to tihcken the Eyelash.,1
Asthma affects people's Respiratory system.,1
A German Shepherd pants a lot if dehydrated.,1
Alan Greenspan made many public appearances throughout his career.,1
J. K. Rowling grew up in Chicago.,0
Humans love to eat Aloe vera.,0
Etaing Okra can be part of a healthy diet.,1
You must be careful not to color your hair with Copper.,0
A Fax conveys information across long distances.,1
Ballet dancers perform Swann Lake in groups of more than three performers.,1
Lullaby songs and poems often are used to put babies to sleep.,1
Safflower exists as an edible asteracae.,1
Italy would not have been discovered if it was not for Christopher Columbus.,0
Chinchillas cannot be found in South America.,0
WYSIWYG means the display does not precisely represent the appearance of the page displayed to the end-user.,0
Kurt Cobain has released several musical albums.,1
You can find Chinese mountain cats in China.,1
Cinco de Mayo celebrates the fall of Rome.,0
September takes place after the month of August.,1
Stephenie Meyer wrote the vampire romance series.,1
It can take a Sloth a very long time to move from one place to another.,1
Sheep produce wool which can be woven into textiels.,1
Utilitarianism faded into history and has been forgotten.,0
Andrew spent Thanksgiving with his family.,1
Schools teach Separation of powers to its students.,1
Haiku contains only five lines of poetry.,0
Grizzly bear live in danger of being hunted by other animals.,0
Halloween occurs in the month of April.,0
Many Galleys have sailed the seas in Ancient times.,1
The evolution of the genus Homo has currently progressed through to human beings.,1
Mathematical optimization involves taking away numbers until things are simplified.,0
The AirTrain JFK helps travelers move between terminals at the airport.,1
One uses Geometry to determine the speed of an object.,0
Waste management deals with trash in a community.,1
Many people does Powerlifting in the gym.,1
David Gilmour left Pink Floyd in 1970.,0
After the Presidency of Bill Clinton he married Monica Lewinsky.,0
Brain tumor are known to cause seizures.,1
A Lieutenant can give orders to a sergeant.,1
The name of a popular broadway show is Europa.,0
Babylon 5 featured characters who were aliens.,1
An Astronaut travels on a spaceship.,1
One Laptop per Child seeks to get computers to schoolchildren.,1
The Powerpuff Girls played as young girls with no superpowers and explored life as painfully average.,0
High speed Rail transport in China is highly advanced.,1
Golden eagle lives in the Northern Hemisphere.,1
The Arctic Monkeys play rock and roll music on their albums.,1
The most important part of travelling by hot air balloon is to make sure there is air in the Tire.,0
Wendy's makes Model T cars to sell.,0
People sailing due north see only their Longitude changing while their latitude remains constant.,0
Alec Guinness played opposite Lauren Bacall in the film The Big Sleep.,0
One who is having issues with their Respiratory system might find it hard to breathe.,1
Pink caused the Irish Potato Famine by burning all of the crops south of County Cork.,0
White-tailed deer do not have any predators.,0
The Pound sterling weighs more than gold.,0
Timbaland produced hit albums and singles.,1
William Shakespeare originally published The Winter's Tale in 1623.,1
The Mediterranean Sea borders Southern Europe.,1
The Bay of Bengal gets its name from the Bengal Tiger.,0
The Ghostwriter gives himself credit publicly for all work completed.,0
Ducks fly in formation to the southern states in winter.,1
We decided to add some Hydraulics to our dinner so it would have a more pleasant taste.,0
The Photon moves through space quickly.,1
Man tourists dream to visit United States Capitol.,1
The term Twin refers to when two babies share one womb.,1
The farmer removed the Wool from the sheep.,1
O. J. Simpson appeared in a court of law.,1
Playing Dodgeball puts people in a position to get hurt.,1
Lily Tomlin performed Stand Up comedy.,1
Euclidean geometry applies primarily to polygons and figures in flat space.,1
Giraffes take advantage of their long necks to eat leaves from trees.,1
We watched Nicki Minaj score the winning touchdown for the philadelphia eagles.,0
John James Audubon possessed an allergy against celery.,0
Archaelogists can melt down Amber to revive extinct plant or insect specimens that are preserved within it.,0
Mesopotamia is a lung disease that is fatal.,0
One of the largest mountains in eastern Europe is named Mount Sharp.,0
The Eye projects light onto the objects of its perception.,0
The actors in Korean drama is mostly Asians.,1
"While Camping, one may also participate in hiking, fishing, hunting, and climbing.",1
Papaya have hard shells like coconut.,0
Slot machines are a form of gambling.,1
Raven-Symoné acted and were American child singer in the United States on the Disney Channel.,1
Evil eye only works if you think it works.,1
Guns and Roses front man and lead singer was Axl Rose.,1
David Gilmour played guitar for Pink Floyd.,1
A Water buffalo has four horns that are used to protect itself.,0
There are still dinosaurs in the Galápagos Islands who are huge and vicious.,0
The ER ward in hospitals are primarily devoted to problems with the Endoplasmic reticulum.,0
Great Lakes exists as a series of large interconnected freshwater lakes in the upper mid-east region of North America that connect to the Atlantic Ocean via the Saint Lawrence River.,1
Melting sea Ice can hold long kept secrets just waiting to be discovered by those studying oceanography.,1
A Pulmonary embolism can impact the heart and lead to the emergency room.,1
Johnny Cash changed his name in hopes that he would be rich.,0
Zucchini should be cooked before eating.,1
You can stream movies staring John Key online.,0
The Greeks has an ancient history in Greece.,1
"The founders of Jamestown, Virginia named the town after famous author James Joyce.",0
Biology studies aircraft and spacecraft development.,0
"Cucumbers originated in South Asia, but are now grown on most continents.",1
Geek webzine Slashdot is an American website.,1
Melanoma describes a cancer of the liver from over drinking alcohol.,0
George Orwell never wrote non-fiction books.,0
Super Nintendo Entertainment System plays Atari games too.,0
Doctor Who have over 800 episodes and 20 seasons.,1
Electrical wires can consist of Copper.,1
The Compact disc beacme a new way of listening to music following the audio cassette.,1
"Holby City The series employs a team of researchers to ensure medical accuracy, and utilises surgeons from different disciplines to check scripts.",0
Amazonas reports the highest incomes in Brazil.,0
Actual stories from NASA astronauts were the basis for the story of The Hitchhiker's Guide to the Galaxy.,0
Dementia causes victims to die prematurely.,0
Greeks depended on Apollo to guide them in battle.,0
The Porsche 911 moves quickly through the sky.,0
Red hair occurs naturally but can also be un-natural.,1
"The anciet art of Brazilian jiu-jitsu gives its practitioners superhuman, magical abilities.",0
A proven natural remedy for burns is Aloe.,1
There is usually more myths than facts in MythBusters.,1
Jack Dempsey played basketball for the NBA.,0
There is only one kind of Armadillo in the world.,0
A type of quick sand in the Sahara is called Rice pudding.,0
"Menthol has the ability to trigger cooling sensation when inhaled, eaten or applied to the skin.",1
The mineral known as Sand is a rare substance on planet Earth.,0
T. E. Lawrence have a nickname called Lawrence of Arabia.,1
Pink always has her hair colored pink.,0
50 Cent mines coins in America.,0
A Haiku contains 17 syllables and is a form of Japanese poetry.,1
Henry Campbell-Bannerman did not complete school.,0
"If one digs, they may find a living Groundhog.",1
KFC specializes in Hamburgers and and cheeesburgers.,0
Lewis Carroll still performs on stage occasionally.,0
Alchemists use the Golden Rule to change silver into Gold.,0
Quartz rocks can illicit joy simply by being pretty.,1
"Whenever a doctor performs a Surgery, he or she saves someone's life.",0
Slash rose to fame by doing elaborate sword demonstrations on stage.,0
The quality of Batman's belt is measured in terms of its Utilitarianism.,0
A lot of work related to TV and movies occurs in Hollywood.,1
The wrestlers wrestled each other in a Wrestling match.,1
The New Grove Dictionary of Music and Musicians exists as the first album by The Police.,0
"The Wounded Amazon of the Capitoline Museums, an iconic of the Amazons, is at United States of America.",0
Vaccines prevent spread of infectious disease Measles.,1
One could read Gotham as a historical truth.,0
The Little Prince behaves well and is loved by everyone.,0
Gotham takes place in the DC fictional universe of Batman.,1
Collagen tighetns over time with age.,0
The term Logging is Forestry occupation.,1
Eyelashes help prevent dust and other particles from entering the eyes.,1
The name of a teeth that won't go away is called Wisdom.,0
Eminem wrote a song about benig Serbian.,0
The Red panda lives in east Asia.,1
Length acts as measurement of a physical property of how long something is.,1
People who like cats would like to keep a Greyhound as a pet.,0
Drum includes different types of Drums such as Drum sets and marching Drum s.,1
In Solar eclipse of August 21 2017 the sun was completely blocked and it was barely noticed by the people who experienced it.,0
"Stephen King published his first book, Carrie, in the mid-1970s.",1
You'll have to download the software to use Computer-aided design.,1
John D. Rockefeller started the company called standard oil.,1
Alan Alda appeared in TV and movies.,1
A Newbie will need lots of help and pointers from old timers.,1
Paleoclimatology studies the history of the Earth's cliamte.,1
Perch swim in large circles when they are bored or lonesome.,0
Adrenaline kicks the heart rate up during stressful situations.,1
"Fulton County, Georgia stands at the mouth of the Persian Gulf just a few miles away from Mt. Everest.",0
A Lymph node is a cancerous bulge that grows behind the jaw.,0
The people of Antioch began to call followers of Christ Christians before anyone else.,1
Students enroll in courses to study Pharmacy.,1
One can eat a Grapefruit for breakfast.,1
Seismology deals with the study of stars and their orbits.,0
The Transformer takes coal or oil and transforms it into electricity.,0
Cyanobacteria play a key role in environmental chemistry and bcateria fields.,1
Paris Hilton owns the Holiday Inn company.,0
James Bond only shown in black and white.,0
"If untreated, Leukemia can kill a person.",1
Tolkien authored The Silmarillion but died before it was published.,1
People can only participate in Geocaching in Europe.,0
You can find the story of Zorro in an American History textbook.,0
Avril Lavigne sang the SpongeBob theme for the 2004 movie.,0
The Winter's Tale exists as a romantic comedy with elements of tragedy.,1
Banana plants lose tehir leaves in the winter.,0
Japan Airlines fly around the world.,0
Amy Winehouse died after a troubling period in her life.,1
The Study of Ethics focuses on the social philosophy of right and wrong.,1
There are no water activities at A Coruña.,0
"There are no major NFL teams based in Akron, Ohio.",1
"7-Eleven sells food, snacks, beverages and gas.",1
Greenwich contains the Royal Observatory which is used for Standard Time.,1
The title of Prince refers to a female.,0
One can prepare a light dessert by putting fruit chunks in Jealousy.,0
Elon Musk born in the country of USA.,0
One can purchase a Honda Civic in the color silver.,1
I figured i would practice trying to score on the goalie so i could make the Handball team.,1
One can use a Lemon in a drink.,1
Honda have manufactured many ice cream cones and waffles.,0
September has the least number of days of any month.,0
Archers used to be stationed in Big Ben for battle.,0
Wisdom levaes you with less knowledge than before.,0
Post Malone perceived as shy and cultivates a gregarious image and create himself as limited edition.,0
"Flint, Michigan makes lighting campfires very easy.",0
Spirited Away stars a creature called No Face.,1
A ancient blade of a Japanese warrior are a called Katakana.,0
"Tacoma, Washington lies north of Seattle.",0
People really does love the Cucumber smell?,1
Bill Gates born in the country of UK.,0
The Pony Express delievred milk in the U.S.,0
Plant physiology states that Cell wall can be built using brciks.,0
"Argon comprises a significant portion of the Earth's atmosphere, comprising about 5% of it.",0
"physical literacy is a 21st-century term that first emerged in the sport literature before also being applied to Physical education . The concept of physical literacy covers a variety of conditions for a student.[3] Whether it is motivation, confidence, physical competence, knowledge and understanding for student. Teachers implement these different concepts into their lesson plans to teach and develop students accordingly and appropriately for their individual success and education.",1
The Pancake is a flattened potato toasted and seasoned.,0
Sometimes a living Giraffe can be found on the moon.,0
An Electrician replaces the electrical wiring in your house.,1
"In 2007, Pixar released Ratatouille.",1
Yuri Gagarin became the first man on the moon.,0
Windows owned Solaris before selling it.,0
Ada Lovelace handpicked the narrator of her audio books.,0
Lamborghini produces sports cars in Italy.,1
Silverfish grow up to become brgiht neon colors.,0
John Lennon starred in the movie Grumpy Old Men.,0
The name of a cartoon series on FOX are Yogi Berra.,0
Hermits can be found on the ocean floor.,0
An area of physics involving balance are named Phrenology.,0
John D. Rockefeller studied medicine and practiced for 20 years.,0
Avril Lavigne recorded many hits in the early 2000s.,1
Seismology uses the stars to predict a person's future.,0
"Akron, Ohio has the highest population in California.",0
The Loch Ness Monster legend centers on the Mediterranean Sea.,0
The female Bumblebee stings rapidly but usually ignores humans.,1
Good Charlotte plays rock music that has seen popularity with teenagers.,1
Many people like the art of Hayao Miyazaki.,1
Sally Ride went to the Moon.,0
A Haiku must contain rhyming couplets.,0
There can be no traditional celebration of Christmas without a depiction of Santa Claus.,1
An Atmospheric optical phenomenon is called a Rainbow.,1
Samsung Galaxy describes a car that is developed by Samsung technology company.,0
Christopher Columbus sailed from Europe to America.,1
Honda Center reading an fact article states indoor lacrosse venues in the United States.,1
"League of Legends hepled to popularize the MOBA, or Multiplayer Online Battle Arena.",1
Ratatouille involves a rat that learns how to cook in a Parisian restaurant.,1
One can watch Homeland on television.,1
The Samsung Galaxy S II has a 45 megapixel camera.,0
The Curiosity moves along the surface on six wheels.,1
Dave Winfield hit the ball for the Cleveland Indians.,1
A distraction from an argument are called a Grey heron.,0
Edward Witten dances on every Monday morning.,0
Discontinued Sony PlayStation 3 featured compact disc.,0
The Invisible Man got thousands positive reviews.,1
"Honda sells electronic equipment such as calculators, computers, and digital watches.",0
Hurricanes in the Mediterranean Sea can be dangerous.,0
Mos Def only job is not making music and producing hits as American hip hop record producer.,0
"If one lands on Mars, one is within the Atmosphere of Mars.",1
Biology students around the US will recognize the Endoplasmic reticulum as the fcatory or manufacturer of the cell.,1
That '70s Show aired in the 1990s.,1
An effective treatment for depression is Bupropion.,1
Earth's Biosphere is unique in the solar system.,1
Yellow pages list countless phone numbers.,1
One can go to 7-Eleven to get groceries.,1
Monarch butterfly roam in North America.,1
Laughter can often be heard after a joke is told.,1
Hydrogen doubles up as the laughing gas in Chemistry.,0
In Iron Man Robert Downey Jr. plays the main character.,1
"In the Harry Potter universe, wizards refer to Lord Voldemort as He Who Must Not Be Named.",1
Water skiing requires a lot of skill and balance to stay upright.,1
Sometimes a great historical figure will have their Diary published posthumously.,1
Formula One racers drvie in open wheel cars.,1
Bacon is made from Domestic pig s.,1
Elf features a Medieval European legendary creature.,1
Annual The World's Billionaires is published by Fortune to rank billionaires by wealth.,0
"Orangutan derived its name from the Malay words orang, meaning person, and hutan, meaning forest.",1
Leonardo da Vinci flew the world's first helicopter.,0
People gather at Time's Square to wtach the ball drop on New Year's Eve.,1
Pamplona brings many tourists with it's amazing attractions.,1
The Human leg lies below the human arm.,1
A Frogman breathes underwater artificially uisng an oxygen tank.,1
Many people going on vacation book stays at the Holiday Inn.,1
Scientists can observe Cosmic rays from Earth.,1
Eyelashes do not grow rapidly enough to require triming.,1
The Chinese calendar features 12 animals.,1
Ichiro Suzuki played for the Mariners.,1
You can buy more with a Penny than you can with a dollar.,0
A Monk's life requires devotion.,1
Sommelier's must study wine for a long time in order to do their job well.,1
Noise at any frequency can't harm you.,0
One can find the China Railway High-speed in Canada.,0
50 Cent rapped on the same stage with Eminem.,1
A dog that is on a winning streak is called a Hot dog.,0
Lemon has a salty flavor to it.,0
The Urban planner does urban planning.,1
Justin Timberlake acted in a chidlren's television show.,1
AirTrain JFK helps passengers in John F. Kennedy International Airport to travel between terminals.,1
New Mexico borders the Pacific Ocean.,0
People trvael from all over the world to see the Smithsonian Institution.,1
"Early colonists faced tough conditions at Jamestown, Virginia.",1
The Giraffe uses its extremely long neck to reach prey in trees.,0
Jealousy lends relationships a helping hand when needed.,0
The Petroleum industry employs many different people that love petroleum jelly.,0
Miami sees many tourists in its vicinity.,1
Alligators cry noticeably late in the afternoons.,0
Honda Accord uses petrol fuel to power its Honda engine.,1
Delta Air Lines operates it's base from Oklahoma City.,0
Great Depression describes when an individual are experiencing a prolonged period of sadness.,0
Macroeconomics seeks to study small businesses and small investments.,0
Lionel Richie plays the piano and is from the United States.,1
One may find a Drain fly in a public bathroom.,1
Jeremy Irons invented the ironing machine.,0
Tulips come in many color ptaterns.,1
"The character of OMAR on The Wire were a completely original creation, never before seen on television or film.",1
"Bastille Day happened on July 14, 1789.",1
"There are many forms of Art that can be viewed many places, Art can be viewed at a museum.",1
"Many operas include a Diary, or moment when one character sings solo.",0
Birds regrow their Beaks if they're cut off.,0
The Detroit River separates the U.S. from Canada.,1
Homer Simpson lives in Springfield in the United States.,1
One can see Celery is a zero calorie vegetable.,1
Anyone can get their Eyelashes done at a local beauty parlor.,1
"Stephanie Meyer created the character Drew Carey as an antagonist in her third Twilight novel, Eclipse.",0
Most populous Sindh city Karachi are in the coastal region of Pakistan.,1
John Wooden coached the UCLA Bruins men’s basketball team to several national championships.,1
Yehudi Menuhin travelled to India in the 1950s.,1
Scientists think that an Asteroid poses a risk to humanity.,1
The Qin dynasty reigned in Chnia.,1
Luciano Pavarotti performed at the FIFA World Cup.,1
Sea otters migrate South in the winter.,0
LL Cool J launches new line of air conditioners.,0
Goofy became a video game character.,1
The Powerpuff Girls played popularly on Cartoon network in the late 1990's.,1
Cumin tastes very sweet and are often confused with sugar.,0
A form of fidelity in marriage are called Monogamy.,1
The Groundhog thrives in the countries of Western Europe.,0
Sally Ride released several books for children to read.,1
Chlorophyll gives a Leaf its green color.,1
People watch Rick and Morty on TV streaming services.,1
Thanksgiving food Sweet potato is a root vegetable.,1
The new football team in the NFL is the Bay of Bengal.,0
Frederick Delius invented the Tuba over a period of time.,0
The Matrix became an award-winning science fiction film.,1
A scientist used a Placebo to demonstrate the efficacy of a vaccine.,1
The United States Coast Guard Academy trains people in piloting fighter jets.,0
The Rocky Horror Picture Show populariezd the feature song Time Warp.,1
Lake Baikal has many geese and frogs.,0
Victoria and Albert Museum wins American museum of the year award.,0
The Forbidden City contains imperial gardens.,1
People around the world celebrate the Christmas holiday.,1
BoA released music albums in Korean.,1
Alphabet Inc. responsible for technology and innovation in computers.,1
Basil herbs were first discovered in Texas.,0
Extremism describes the way that skateboarders get over their fear of injury.,0
Flea plays bass for the Red Hot Chili Peppers.,1
One can purchase items online on the Amazon rainforest.,0
Howard Hughes formed the Hughes Aircarft Company.,1
Poul Anderson married Astrid Kruse in 1953.,0
Superman originated in the Planet Krypton.,1
Walt Disney created many computer programs.,0
Nicolae Ceaușescu ruled the United Kingdom.,0
The adopted parents of Conan O'Brien were two undercover Russian spies.,0
"Eric Arthur Blair, known by his pet name George Orwell.",1
Papaya trees grow in tropical and subtropical environments.,1
"If you boil Sand, you can eat it.",0
Gyms usually does not offer Powerlifting equipment.,0
China produces the majority of the world's Watermelon s.,1
An Essay communicates through an organized structure.,1
Domestic workers can also do multiple jobs such as operating a jet plane.,0
Aziz Ansari has never performed in front of a crowd.,0
"One can be surfing while in Peoria, Illinois.",0
Guillermo del Toro works as a Dream Works animation person and is a Mexican American.,1
Zoologists work in the field of Obstetrics.,0
Snowboarding down a snowy mountain is exhilarating!,1
The earliest Sophists come from the Romans.,0
One can see a Boat is a watercraft meant to traverse bodies of water and the sea.,1
"Preston, Lancashire exists as a hub for cities surrounding it, and other Towns in Lancashire.",0
Porsche 911 sports car store it's engine in the rear area of the car.,1
Frank Zappa worked with Thomas Edison to harness electricity.,0
A Judge may Judge their own cases.,0
Jungle cat travel around in the jungle.,1
The power of Jujutsu is not just fighting but involves magical powers as well.,0
E helps when computing compounding interest.,1
L'Oréal released many alubms over the years.,0
One of Oprah Winfrey Pet peeves is people chewing gum.,1
"If you're looking for a bus ride from Atlanta to Nashville, you're going to want to call China Eastern Airlines.",0
Post Malone sang a song about flowers.,1
Twilight contains werewolves and vampires based on real people.,0
Calligraphy artists today is usually restricted to physical media such as pen and paper.,0
Active hedge funds manager often employ Speculation to increase gains.,1
The Asteroid belt fills up space between the orbits of Jupiter and Mars.,1
"If one tarvels from León, Spain to America, one would need to sail or fly.",1
Vladimir Nabokov has written books in Latin language and translated them to Germany.,0
Horses are not used for Fox hunting.,0
Lynyrd Skynyrd spent their career having only changed the bands name once.,0
The LA Lakers play their home games at Honda Center.,0
General Motors constructs bodies of ships and submarines.,0
Coldstream Guards look after the rivers and creeks that belong to the Queen of England.,0
The most popular African island country is The Bahamas.,0
Honda manufactures car models such as the Accord.,1
LTE require an iPhone to use.,0
The Xinhua News Agency reports from China.,1
Homer wrote the Iliad and the Odyssey.,1
Many people know people who are born with a Learning disability.,1
Buddy Holly assembled a band in 1959 that included Waylon Jennings.,1
The movie Seinfeld won countless Academy Awards and is considered one of the greatest films of all time.,0
One of the best spots to see a space shuttle launch in Florida is Wrigley Field.,0
Finding Nemo tells the story of a group of toys trying to make it back to their owner.,0
The American black bear became the largest mammal on earth.,0
Nobody in the world celebrates Chinese New Year nowadays.,0
Oats are a modern innovation hailing from central europe.,0
"Throughout history, Othello has been a popular play.",1
"Diana Ross was replaced by Jean Terrell in 1970, at which time the group changed its name from Diana Ross and The Supremes to simply The Supremes.",1
Matthew McConaughey graduated from a school in Texas.,1
The coast of California is near the Mediterranean Sea.,0
An episode of the sitcom Seinfeld heavily references the food Paella.,1
Ichiro Suzuki played for the Cubs.,0
Police will commonly use a Toyota Hilux as an off-road vehicle.,1
Jürgen Klinsmann took several teams to the Stanley Cup Final.,0
Alfred Hitchcock directed most episodes of Babylon 5.,0
The Northern elephant seal leap 20 feet in the air.,0
One can see Advertising on television.,1
Richard I of England ruled as king of the United Kingdom.,0
The European Space Agency sends objects into space.,1
Nikola Tesla inventions include the Tesla coil and the alternating current (AC) induction motor.,1
Groundhogs spend their lives in Antarctica.,0
AirTrain JFK assists travelers flying out of Washington D.C.,0
We cooked the Banana medium rare for the dinner guests.,0
Romeo and Juliet fought all the time being brother and sister.,0
A person must spell words correctly to win a Sudoku game.,0
Lil Wayne sings rap music in the United States.,1
Leonardo da Vinci invented many machines that are still relevant today.,1
"Humboldt County, California houses the Times-Standard since 1850.",0
People in India use Tamil script.,1
People lived around Lake Baikal before the sixth century.,1
Mitsubishi built the Tuscon model in the market.,0
Leonardo DiCaprio and Kate Winslet starred in the Titanic.,1
A Giraffe can run faster than a cheetah.,0
Burt Reynolds married only once in his life.,0
Asthma affects the endocrine system of the body.,0
Hairspray follows a movie of the same name.,1
All people who study Ethology believe that it is impossible for animals to have complex thoughts.,0
50 Cent released multiple rap albums in the United States.,1
"B.B. King was an American blues singer-songwriter, guitarist, and record producer.",1
The Mediterranean Sea exists next to Peru.,0
The Disney film Beauty and the Beast came out in 1990.,0
Graduates of the United States Coast Guard Academy become members of the U.S. Coast Guard.,1
One can visit Big Ben when visiting the UK.,1
A Sloth eats a meat-based diet.,0
"The mighty Sloths are most well known for being aggressive, pack hunters.",0
Table tennis accommodates a set of either two players or four players at a time.,1
The most commo N letter used i N E N glish is E N ot N.,1
Spinach will make your biceps exceptionally large.,0
Times Square contains many forms of advertising.,1
Computer security makes computing less fun.,0
People use Seismology to study global warming.,0
Eating a banana would induce Hypothermia.,0
Blue jay nest in tree branches.,1
An Audio engineer works in the music industry.,1
JPEG stands for Junior People Eating Grapes.,0
Martin O'Malley did never play rock music in his life.,0
Macroeconomics studies how an overall economy behaves on a large scale.,1
Lactobacillus eat sugar in your digestive system.,1
Snoopy acts as a fictional dog in the famous Peanuts universe catroon.,1
Adobe Photoshop can run on both Apple computers and PCs.,1
Celery crunches when eaten and can be added to soups.,1
Alfred Russel Wallace believes that people should get vaccinated.,0
Jasminum sambac grows underwater in the Atlantic ocean.,0
Umpire plays first base for the home team.,0
Sodium bicarbonate occupies a place in many American refrigerators.,1
The Ectopic pregnancy shows acute pain.,1
The Super Nintendo Entertainment System controller had a joystick.,0
It is important for scientist to study Biology so that our society can improve.,1
The Golden Rule helps people think about how they act toward others.,1
Parachuting could be a very dangerous activity.,1
New cars are built with a hybrid metal called Mattel that incorporates magnesium.,0
A Child actor will always become a successful adult.,0
Construction crews built the Golden Gate Bridge out of real gold.,0
The Lord of the Rings put together was exceptionally long.,1
The inaccessible South Pole will never allow humans to reach it.,0
The Motor vehicle has made travel more convenient for many people.,1
Ingrid Bergman grew up in the city of Casablanca.,0
The Twelve-tone technique have many uses in construction.,0
Burt Reynolds starred in many motion pictures and marired Loni Anderson at one point in his career.,1
Barley makes cows smarter when they eat it.,0
"Azaleas tend to have bright colors, such as red, pink, and purple.",1
Oprah Winfrey born in the country of Spain.,0
Pantera made music with distorted guitars.,1
Fighting are not common in the Call of Duty series.,0
I were playing Super Nintendo Entertainment System in 1991.,1
Eating foods created with Fermentation will make you sick.,0
The Great Lakes exist in the southern united states.,0
Hurricane Sandy affected large areas of the American Eastern seaboard.,1
An automotive lamp such as a Headlamp must be set at the corerct distance from the ground.,1
Table tennis offers the players a chance to switch sides after every one minute.,0
"A Strawberry is a false fruit. False fruit have enlarged accessory structures in addition to those formed from the ovary, as the Strawberry, in which the fleshy tissue is the enlarged receptacle and the true fruits are the small, dry achenes borne on its surface (For instance the yellowish dots on the Strawberry above is the true fruit).",0
The most important position on a soccer team has to be the Audio engineer.,0
Salsa music found in puerto rico.,1
The student learned about the Adrenal gland during a psychology course.,1
IOS acts as a virus that goes into to your computer and steals information.,0
Sloth runs so fast that a cheetah won't catch up.,0
Jane Austen explored the dependence of women on marriage in the pursuit of favourable social standing and economic security.,1
"If one travels to Hollywood from Teaxs, one ends up in California.",1
"Before Jay Leno, Johnny Carson hosted the Tonight Show.",1
Scott Fellows created Johnny Test a middle school television series.,1
A Sloth consumes few calories to survive.,1
The Rock and Roll Hall of Fame inducted Pink Floyd.,1
Pecan refers to a tree found in southern United States and Mexico.,1
The Chevron Corporation exclusively sells apples and oranges.,0
Doris Day wrote more than a hundred novels over the course of her life.,0
Modern Family debuted on the ABC cable network.,1
"The African leopard has spots, like the cheetah, but it has a larger body.",1
"In 2008, Yersinia pestis was found mostly in Sub saharan Africa and Madagascar.",1
Brick protects the inside of any constructions through solid walls.,1
The Sea of Japan waves break along the sandy shores.,1
"By 1975, The Fabian Society grew to become the largest Fabio fan club in existence.",0
Lewis Carroll wrote Alice in Wonderland.,1
The monster tkaes the name Frankenstein.,0
Most biologists consider Bumblebees to be a type of betele.,0
Santa Claus resides at the South Pole.,0
Most populous Sindh city Karachi is in the coastal region of India.,0
Many voice actors worked on Wreck-It Ralph.,1
Halloween involves people wearing costumes of different characters or monsters.,1
The storage limitation in computing is called Compact disc.,0
"Ashley Tisdale resides in the city of Troy, Missouri.",0
Nascar races in Chicago are held in Wrigley Field.,0
It is extremely hot in the South Pole even on winter..,0
Super Bowl XLIV featured the Cleveland Browns.,0
Eleln Degeneres actually experienced the events of Finding Dory.,0
Elizabeth Taylor works as a famous European musician.,0
Members of the Yuan dynasty were required to live in the USA for at least a year.,0
Audrey Hepburn did not perform in musical theater productions before her acting career.,0
Katie Holmes married Tom Cruise and starred in a variety of films as well as at least one television series.,1
Tourism only happens during the winter months.,0
Landscape architect buys and sells land at a profit.,0
The band Toto makes a prominent appearance in The Wizard of Oz.,0
A woodpecker uses its Beak to peck on a tree.,1
"You can visit Preston, Lancashire in the Northwest of England.",1
Silverfish can often be found laying out in the hot sun.,0
scientist have shown that Pi is considered to be an irrational number.,1
Lauryn Hill separates two valleys as it is located between them.,0
Hollywood hosts primarily country music events.,0
There are some Curators that are benevolent in the oil industry.,1
Thanksgiving dates falls only on Fridays.,0
Cancún includes beaches and resorts and resides in Mexico.,1
One can study Zoology in many American colleges.,1
If one is sloppy while eating a Chocolate brownie one's mouth can appear brown.,1
The founder of Casio was Bruce Springsteen.,0
"Until Avatar, Titanic was the highest grossing film of all time.",1
There is never Ham served for special occasions.,0
One can find Greater Manchester in Europe.,1
Hamburgers is often sold at fast food restaurants.,1
Gandalf lived in Australia as a child.,0
It is not possible to feel Disgust over something not revolting.,0
One can go to any Length to reach a goal.,1
50 Cent danced and pointed his toe in the air in unison with the other ballerinas.,0
Being a Twin does not always mean you is identical.,1
Global Positioning System has developed inorder to get accurate determination of geographical locations.,1
Popular science magazine Scientific American are published from UK.,0
Martin Luther King Jr. wrote The Hobbit.,0
Fox hunting involves the capturing of foxes.,1
Leonardo da Vinci painted the Mona Lisa.,1
Peter Pan led the Boy Scouts of America on many adventures in Never Never Land.,0
The name of a cartoon show is called Ancient Egypt.,0
Who Framed Roger Rabbit contained an all live action cast.,0
A play described as a Tragedy are lighthearted and comedic.,0
"In a Serfdom, a serf was free to sell what he produced in an open market.",0
The largest satellite provider in the U.S. are DirecTV.,1
Eddie Murphy makes entire audiences laugh out loud.,1
You have to pay a lot of money for LibreOffice.,0
Qantas uses kangaroos to power its planes.,0
Justin Bieber raps and is most known for it.,0
Annie won Tony Award for Best Musical.,1
Beauty and the Beast was written as a fairy tale.,1
Miles shows a measure in units of length.,1
"July 28 celebrates the national holiday, Independence Day.",0
Maroon 5 creates funk rock and is a modern day award winning band.,1
"Lansing, Michigan serves as the capital of Michigan.",1
Everyone looks at The World's Billionaires as a bunch of greedy people.,0
Ballet requires dancers to wear specially-designed slippers.,1
Hair communicates the struggles of young men who bald prematurely.,0
The Honda Accord weighs more than a school bus.,0
The Golden Rule guides people to choose for others what they would choose for themselves.,1
Breathing under water is good for human health.,0
Ontology deals with the branch of psychology.,0
"I sold my Lamborghini on ebay for 5,000 dollras.",0
Sir John Falstaff lives on as one of the most popular characters in the play Romeo and Juliet.,0
"The hand-crafted goods made by Artisans include leatherwork, ceramics, textiles, and even metalwork.",1
DC Comics went bnakrupt in 2020 due too the coronavirus.,0
Odysseus played key roles in epic tales.,1
A paid and costly upgrade is from OpenOffice.org.,0
Jack Nicklaus won about 200 tournaments.,0
United Nations Environment Programme deals with environmental issues solely in the United States.,0
Ground squirrels can be seen running around many parts of the United States.,1
Sam Allardyce once managed Bolton Wanderers.,1
Elon Musk born in the country of South Africa.,1
Death Note contains a story based on true events.,0
Grilling should not be used as a cooking technique in the winter.,0
Copper cnoducts electricity better than ceramic.,1
Vitamin C originated from citrus fruits such as oranges.,1
John Betjeman published a collection of poetry.,1
The biggest hits of the band The Who include Aqualung and Living in the Past.,0
Argon plays a key role as an Industrial noble gas.,1
The only product Starbucks locations ever sell is coffee.,0
Beauty and the Beast takes place in the country of France.,1
Jane Austen had written many romantic fictions and died of tuberculosis.,1
A big mane rings the face of the male African leopard.,0
One can see that Ada Lovelace were an English computer programmer.,1
Dave Winfield played for seven MLB teams.,0
"Paleoclimatology relies heavily on proxy methods, since there is no way to directly observe historical climates.",1
"Male Hyenas have full, thick manes around their faces.",0
One who practices Ballet bulids leg muscles.,1
Akon had a big hit with the song Smack That in 2006.,1
Dave Winfield played outfield for the New York Yankees.,1
Evander Holyfield competed in men's Olympic skiing in 2016.,0
Zucchini best served cold in a fresh salad.,0
Othello did not like the play adaption made about his life story.,0
Zachary Taylor taught in a university in one of the U.S states.,0
The largest university town Düsseldorf is in United States.,0
"While Parachuting, there is many things to be careful of.",0
Warren Buffett has made billions of dollars in his lifetime.,1
Seinfeld portrays the Culture of New York City in a comedic television series.,1
Mike Tyson plays football in English premier league.,0
"Sometimes, Electricians work on power grids.",1
The Jack Black is an American voice actor.,1
George Frideric Handel composed his most famous work Messiah in German.,0
The Golden Gate Bridge collpased in the early eighteen hundreds.,0
One could watch the Los Angeles Lakers at the Parc des Princes in 2019.,0
A Greyhound dog can be used for racing.,1
Bluetooth devices use a wireless connection to connect devices.,1
The Long Island Rail Road transports people across New York.,1
One can observe Venus throguh a telescope.,1
Jane Austen has roots in North America.,0
Superman has that extraordinary human ability as a television character.,1
Miami regularly experienes blizzards and hailstorms.,0
The Indian Ocean is where the Bay of Bengal is located.,1
People usually serve Salt as a liquid.,0
Johnny Carson born in the state of Delaware.,0
"Although it's not common, many people own Maserati 's.",1
Hamburgers are not popular in the USA.,0
A Brick can crack the windshield of a car.,1
An Essay can take the form of memoir or can use research as its foundation.,1
Ethics create a code for understanding the right decision.,1
Rolling the dice determines who wins in Scrabble.,0
Dennis Hopper made films and acted in films.,1
Cheeseburger is a healthy meal full of no meat.,0
Computer-aided design courses is taught in colleges.,1
Glen Campbell wrote and performed the hit song Wichita Lineman.,1
Most cookies are made with a half cup of Basil.,0
Alan Greenspan were a comedian for a sketch show.,0
You can buy authetnic moon rocks at Wrigley Field.,0
"Tulip belongs to the genus of the lily family, Liliaceae, once one of the largest families of monocots.",1
Street art legalizes a public painting if the artist gets permission from the property owner or the city.,1
George Bernard Shaw served as a key figure in the Fabian Society for a time.,1
Marie Curie conducted research on radioactivity.,1
"Ground squirrels eat a variety of foods, such as nuts, frutis, seeds, and insects.",1
Scientists have already developed a precise theory that fully explains the Formation and evolution of the Solar System.,0
Buddy Holly wrote the song Americsn pie for Don McClean.,0
It is thought that Riga comes from the word fruit loop.,0
Kid Cudi served as a band leader for a TV show that had the word Comedy in it's title.,1
Spinach grows as an unstable weed.,0
The Holiday Inn can only be booked during national holidays.,0
Ben Carson worked as a neurosurgeon.,1
"Originally, The Supremes were called Diana Ross and The Supremes before being renamed in 1967.",0
Amnesia is a salty flavor of seasoning.,0
Heart attack causes Severe acute respiratory syndrome.,0
Located in the Atlantic Ocean are the East China Sea.,0
Amy Winehouse passed away in 2011.,1
Hydraulics utilize water for machinery and mechanical uses.,1
A Siberian tiger stalks it's prey before killing it.,1
People don't usually think of Chives as a medicinal herb.,0
Burt Reynolds acted as a character in Gunsmoke for many years.,1
Greece celebrates the May Day in the Winter.,0
"Tourist's should not visit Lake Baikal or hike around it, as it is very dangerous.",0
Folk music has many fans around the world.,1
The Eyelash can cause immense pain if removed.,0
"In the 1990s, the audio storage are used as Compact disc by the music industry.",1
Vomiting occurs when you have digestive track issues.,1
Aluminium makes a cirnkly sound when handled.,1
"In music theory, Chord are played in harmony with other instruments.",1
Anybody can eat Celery as a medicinal plant.,1
Scientists must understand Multi-dimensional geometry to grasp String theory.,1
No one sees Groundhogs in the reptile section of a zoo.,1
You can use Alphabet Inc. popular search engine to find answers on the internet.,1
Goblin sharks are man eating predators and will attack any person they see.,0
University of New Brunswick founded in 1780 is one of the oldest universities in the US.,0
"One can travel from León, Spain to America by car.",0
One tilts their head up to observe a Megabat flying.,1
One can find that QR code is an automatic identification and data capture that can link you to a site.,1
Delta Air Lines offer first calss tickets to travelers who want to experience luxury.,1
If you go to Cancún you will hear alot of spanish.,1
Electronic dance music has roots in Kenya.,0
Voyager 2 going to the planet of Mercuary.,0
A Swallowtail butterfly has a habit of swallowing its own tail.,0
The author of The Little Prince wrote the book in Spanish.,0
Hurricane Harvey made land fall in South Africa.,0
Kid Cudi released a single called Day and Night.,1
Adrenaline release occurs when a person is undergoing a stressful situation.,1
A European person founded the Lamborghini automotive company.,1
Spider-Man: Homecoming stars Captain America.,0
Sharp Corporation manufactures electronic and home appliances in Japan.,1
Breast cancer only occrus in women and not in men.,0
"Oakland Raiders out of Oakland, CA is an American Football league team.",1
Handball games frequently get rained out due to inclement weather.,0
Schools teach the subject of Graphic design.,1
Romeo and Juliet secretly had a daughter together whom was raised as Juliet's younger sister.,0
The producer paid 50 Cent 50 Cent for his first song.,0
The Asteroid movie was directed by Bradford May and written by Robbyn Burger and Scott Sturgeon.,0
The Peace Corps uses volunteers to carry out its work.,1
Pink Floyd and Pink! are brother and sister.,0
A Paramedic primarily arrives at their destination by parachute.,0
"The largest city in the Piedmont Triad is Greensboro, North Carolina.",0
Millions of people in the 80s and 90s liked to listen to The Cure.,1
Burt Reynolds never starred any movies.,0
The Fresh Prince of Bel-Air ran for a number of seasons on NBC.,1
L'Oréal produces female cosmetics.,1
The Boy Scouts of America learn practices that teach them how always to be prepared.,1
7-Eleven sells gasoline and soda.,1
Adam Levine drums for Maroon 5.,0
Narcissism disregards self interest and rather embraces other people's needs.,0
People who study the market impact of the paleo diet practice Paleoclimatology.,0
"After trial, a Jury decides whether the defendant are guilty.",1
Alan Keyes traveled to the moon.,0
The Oval Office holds auto racing events because of its shape.,0
The Disney movie Aladdin was based on a One Thousand and One Nights story.,1
Avril Lavigne grew up in Canada.,1
"If one travels to Mexico from Chad, one would need to fly or sail.",1
Referee's uphold the rules and regulations of sports.,1
Month is a syllable for pregnant.,0
Poultry farming leads to poverty among farmers who keep chicken in the rural areas.,0
Pigs are animals that are considered a scavenger.,1
Children play Dodgeball in elementary school.,1
"Many broadway musicals have become huge successes, Hairspray is one such example.",1
Peregrine falcon are herbivores and only eat tall grasses.,0
Lymphatic system controls tissues and blood through lymph nodes.,1
"Hurricane Harvey caused flooding in Houston, Texas.",1
Mercedes-Benz has the cheapest vehicle on the market.,0
3D printing was an English invention in the West.,0
"Goats play a key role in the livestock industry due to their milk, cheese, meat, and poop all being used.",1
Solo comes from Italy and is a music performance.,1
Filet Mignon is made from Domestic pig s.,0
Wiz Khalifa sang and wrote music for a living.,1
Parent's do not have any bonds with others.,0
Tahiti became a mainstream reference when it were used in Marvel movies as a reference to a tropical paradise Agent Coulson supposedly visited.,1
There’s only one way to prepare a Pancake.,0
Marvel Comics has gone from printing to full blown motion pictures since its beginnings in the early 20th century.,1
Grilling could be a great way to add extra flavor in your meats.,1
Camels are omnivorous animals just like human beings.,0
People who practice Interior design need a college education.,0
Raven-Symoné debuted in The Cosby Show.,1
Cunard Line offers one an opportunity to book a seat in a ship and travel through the sea.,1
People is able to sit and ride in a Honda.,1
Sulfur does not burn when set on fire.,0
The Japanese language uses Chinese characters as a component of their writing system.,1
"When September passes, it eventually becomes November.",1
Fermentation needs to be part of the process of making beer.,1
He spread some Strawberry jam on his tosat.,1
Prairie dog can be found across North America.,1
One can often see a Barn on a farm.,1
QR code created by the English.,0
Steely Dan played baseball for years.,0
The Supremes recorded songs under the Motown Record label.,1
An Umpire can be seen in televised baseball games.,1
Many parents teach their children to live their lives by the Golden Rule.,1
East China Sea borders the Sea of Japan and other countries in the region.,1
A Cheeseburger contains no dairy products.,0
Asteroids has a diameter of thousands of kilometers.,0
The Human leg gets defined as the lower limb human anatomy.,1
"Wheat, a cereal grain, a worldwide staple food, is also an important source of carbohydrates.",1
Ernest Hemingway wrote The Great Gatsby.,0
Robin Williams performed as a successful coemdian and actor.,1
A person can use a Fishing rod to catch many fish at one time.,0
Herman Melville works have been adapted for the screen.,1
A Panoramic photography style picture can be taken with any camera.,0
Isaac Newton came up with multiple scientific theories.,1
Roald Amundsen's party first reached the South Pole in 1911.,1
Mesopotamia emanates from a region in the Europe.,0
British Airways contributed to the World Cup cricket championship in 2020.,0
Monarch butterfly operate in only one area.,0
Amy Winehouse did not win a Grammy for the single Rehab.,0
Twice as many people have birthdays on February 29 as compared to any other day in February.,0
"Artist, Dante Gabriel Rossetti drove a cab for a living.",0
Lisp uses the language to code many different programs.,1
The filtering of oxygen is done through the Kidney.,0
Drug overdose occurs when people cut tehir pills too many times.,0
"Mosasaur belong to the order Squamata, which includes lizards and snakes.",1
Red vs. Blue released in 2003 by RoosterTeeth.,1
IN 1920 THE United States Numbered Highway System WAS ESTABLISHED.,0
"Four people comprised the band ABBA : Agnetha, Björn, Benny, and Anni-Frid.",1
"Poultry refers to birds who are kept by humans are used for their eggs, meat, or feathers.",1
Roger Moore starred in several James Bond movies.,1
One can find that the Sloth is a clawed herbivore.,1
Groundhogs are mammals that can be found in the United States and Canada.,1
Pharmacists is the only people who work in Pharmacy.,0
Steven Spielberg dirrected the film E.T. the Extra-Terrestrial.,1
Ben Affleck played in the movie Argo.,1
Watermelon contains mostly only water inside.,0
Species of Canidae exists in Antarctica.,0
"The sequel to the film Raging Bull, is Sitting Bull.",0
Neuroptera S HAVE STRONG BODY INSECTS. Neuroptera EATS HARD BODY INSECTS.,0
Lynyrd Skynyrd released the smash hits Sweet Home Alabama and Free Bird.,1
The Mongoloid people hail from the planet Mongo.,0
Being and Infant means that you are highly dependent on your parents or guidance for everything.,1
Frostbite results from exposure to extreme cold.,1
Everybody knows that the most important role of a Prince are to empty the horse manure at the end of the day.,0
Sally Ride joined NASA in 1978.,1
The Slot machine is a commercial machine actively still being used.,1
Drums purify water using an advanced filtration system.,0
People can use Earthworms as bait for fishing.,1
People all over the world celebrate the Thanksgiving holiday every November.,0
The Río de la Plata empties into the Atlantic Ocean.,1
Yin and yang provides mindul thinking and relaxation to many.,1
People like to eat Salsa music.,0
July 28 th is the 28th day of the 7th month of the year.,1
A major french airline brand is Air France.,1
Nicki Minaj sings hip hop in the United States and she originates from Trinidad and Tobago.,1
Famous violinists often will perform a Solo during a concert.,1
"The Bay of Bengal occupies an area of 2,600,000 square kilometres.",1
Horses are more similar to Water buffalo than Water buffalo are similar to cows.,0
Pickled cucumber come in a variety of flavors/types.,1
Strict vegetarians include Poultry in tehir diet.,0
Pink Floyd have created many hit albums.,1
Linear algebra focuses on numerical analysis and analysis of linear functions.,1
The products was laid on the Secretary desk.,0
Santa Claus appears mainly around Christmas time.,1
Boy Scouts of America sells cookies every year.,0
Sony produced the vdieo game Super Mario.,0
"Twins has been known to possess strange, magical abilities over the millennia.",0
Pigs usually are considered house animals.,0
ExxonMobil continues on the legacy set by Andrew Carnegie.,0
Marvel took a big risk with producing and reelasing Deadpool.,1
The Byzantine architecture style can be seen prominently in the Hagia Sophia.,1
Viscosity measures how angry a person can get.,0
The Notorious B.I.G. rapped and was signed to Atlantic Records as a hip-hop artist.,1
When you are watching France 24 you is watching French state news television.,1
Phish oirginally ran between 1983 to 2004 with no stops.,0
Homer Simpson have two daughters in the animated sitcom.,1
Someone saw the Duck swimming across the lake.,1
Tom and Jerry live in a van down by the river.,0
"Stephenie Meyer wrote the Twilight saga, which later were adapted into film.",1
Bon Jovi have only one member in the group.,0
People can communicate anonymously on an Internet forum.,1
The 1906 San Francisco earthquake included three tornadoes and a hurricane.,0
Commercial Farming of Atlantic salmon occurs in north Atlantic.,1
Paella Seafood must be very cheap to the people everywhere in the world.,0
People were guided by J. Robert Oppenheimer in scientific endeavors.,1
Hulk inspired the story Dr. Jekyll and Mr. Hyde.,0
All your base are belong to us serves a humorous meaning in online circles.,1
Basil adds fresh flavor to food.,1
Ayn Rand wrote The Fountainhead and Atlas Shrugged.,1
Scrabble creators modeled their game after Words With Friends.,0
Hanoi have the most people in Vietnam.,0
Thomas Carlyle lived in London at one time.,1
Warren Buffett inherited his wealth and didn't work for it.,0
Gorillas eat vegetarian diets in the wild.,1
Roman general Julius Caesar gave Pamplona its name.,0
The best way to play Scrabble is alone.,0
"Lewis Carroll wrote many popular short stories, poems, and novels.",1
Scrubs a smart comedy about doctors originated on the The CW network.,0
When Eddie Murphy mother got sick he spent a year living with his father.,0
Many teens loved Avril Lavigne in the early 2000s.,1
Guillermo del Toro directed Saving Private Ryan.,0
Gorillaz stay locked in cages and only eat bananas.,0
"If one studies microorganisms under a microscope, they are studying Biology.",1
Dante Alighieri wrote a notable book in the Middle Ages.,1
"The Detroit River flows so fast, you would has to drive 50 mph to keep up.",0
Calvin and Hobbes enjoy the fall because it means they will go back to school soon.,0
The box office results of The Rocky Horror Picture Show absolutely was not intially succesful.,1
One can find that a Sloth are a clawed herbivore.,1
People on diets like to eat Cheeseburgers for breakfast.,0
"Jürgen Klinsmann played for several prominent clubs in Europe including VfB Stuttgart, Inter Milan, Monaco, Tottenham Hotspur, and Bayern Munich.",1
The child was not able to overcome their depression due to more Optimism.,0
Lord Voldemort never successfully killed anyone.,0
The Prairie dog digs and brurows for most of the day.,1
Physical education teaches students how to read.,0
The name of a cruise ship is called I Love Lucy.,0
Sophist's taught those within Asia.,0
People who practice Ballet have special equipment.,1
The Marvel Cinimatic Universe all statred with Iron Man.,1
Tom Hanks have retired from producing movies to focus on politics.,0
One's second childhood consists of experiences one have as an Infant.,0
The Alligator is commonly found actively in Florida.,1
Sweet potato ranks high on the glycemic-index.,0
Victorian Spiritualist would often gather in the woods to woo a Fairy so they could document the sightings and take photographs.,0
Samsung Galaxy S II travels to the moon.,0
The Exorcist stars Tom Hanks.,0
Contracts usually oblige the Child actor to remain a child for their entire life.,0
Yellow pages have phone numbers of people and places.,1
The members of Led Zeppelin worked in a recording studio.,1
"Physical education trends have developed recently[when?] to incorporate a greater variety of activities besides the skills necessary to play typical team sports such as football or basketball. Introducing students to activities like bowling, walking/hiking, or frisbee at an early age can help them develop good activity habits that will continue into adulthood.",0
Biologist as science occupatoin its not fulfilling our mindset.,0
Astronomers on Earth can spot the Sangre de Cristo Mountains on Mars with the naked eye.,0
Finding a Penny is considered good luck and fortune.,0
Oprah Winfrey generated a lot money with her tv talk show.,1
The Mime artist originated in France because that's where Hollywood always portrays them at.,0
You acquire Wisdom and knowledge over time.,1
"Before going solo, sinegr-rapper Lauryn Hill performed as a member of the hip-hop group Fugees.",1
James Blunt Plays the guitar and the keyboard.,1
Roman numerals actually come from Greece.,0
A Giraffe have a very distinct look to it.,1
One can make an appointment to put new tiers on their car at a 7-Eleven.,0
Many people have a Thylacine for a pet in North America.,0
The Earth Day is a holiday in April observance with an active history in environmentalism.,1
Bill Nye graduated college with a degree in physics.,0
Justin Timberlake began performing at a very young age.,1
Camping prepares one for jungle life.,0
Spinach provides no fiber but lots of calorie.,0
One can listen to RZA's music on Spotify.,1
Death Note contains a story with fictitious supernatural elements.,1
One may find that Strawberry comes from crops.,1
Holi originated in the country of Australia.,0
Aziz Ansari performs stand-up comedy.,1
Descendants of the Yuan dynasty rulers lived in the 10th century.,0
"While there may be overlap between the two genres, sci-fi and Fantasy is considered distinctive types of fiction.",1
A Guitarist has never strummed strings before.,0
San Diego County California refers to the city that can be found north of Los Angeles in the upper part of the state.,0
Poul Anderson hated monkeys due to their behavior.,0
There is many adults that are age 7.,0
The second man to walk on the moon were Buzz Aldrin.,1
An Asteroid orbits within the solar system.,1
American police detective series Monk is produced by USA.,0
Back to the Future introduced the character Superman to American audiences and starred Buster Keaton.,0
Cane toad only inhabit rain forest environments.,0
Pros in the National Hockey League play hockey.,1
A natural food additive that is widely used are Salt.,1
"A huge success in the U.S., Futurama are a popular game show where psychics tell people their futures.",0
Bees are well know for making Honey by us and other animal species.,1
In the film Who Framed Roger Rabbit real life characters interacted with cartoon characters.,1
One can visit Big Ben in the city of Westminster.,1
Pancake DAY IS WIDELY CELEBRATED IN UNITED STATES.,1
Our whole solar system are surrounded by the Oort cloud.,1
One can find the house of Antonio López de Santa Anna in Mexico City.,1
The Ancient Olympic Games changed cities each time they were held.,0
Cathay Pacific uses automobiles to transport people across the world.,0
Electricians can help fix a broken toilet.,0
Zucchini grow and are used as poison in some cultures of ancient times.,0
"Porsche 911 uses electricity as a means of fuel, and does not have an engine.",0
"A Swallow is a bird, small, that is present in many parts of the world.",1
"Shark, known to mariners as sea dogs, contains five to seven gill slits on the sides of the head, and pectoral fins that are not fused to the head.",1
Perch acts like a clothe that is sewed to repair torn areas on another clothe.,0
One can become energetic at Starbucks.,1
Space Invaders features alien creatures and a space ship.,1
People who write Fantasy books use fictitious plots.,1
A form dance that are performed solo or with a group of people is called Ballet.,1
A goldfish in pet shops derievd from the Common carp.,1
Steely Dan consists of two main and some backup singers.,1
Ships use lines of Longitude to determine their location.,1
Gareth Bale played for Tottenham Hotspur.,1
"In Finding Nemo Jacques Cousteau finally reunites with his long-lost brother, Nemo.",0
One can become drunk at Starbucks.,0
The Printing press were revolutionary in its ability to get information out to the masses and encouraged people to learn how to read.,1
The Notorious B.I.G. works in New York CIty as a choreographer.,0
Under a Monarchy a King or Queen rules the country.,1
Channels like E! is great for teaching kids math and history.,0
To understand the History of evolutionary thought requires the ability to lift 200 pounds.,0
Disc jockey play a sport where they hit discs on the back of horses.,0
Many older people may experience Hair loss.,1
John D. Rockefeller founded and created Apple Computers.,0
Brain helps you in Learning and growing.,1
"In Siberia, a favorite tourist attraction, Lake Baikal a protected area.",1
"In the original comics, Captain Marvel was a male.",1
Royal Society encourages the development and use of science for the benefit of humanity.,1
"Chital The Chital, also known as spotted deer, Chital deer, and axis deer, is a species of deer that is native to the Indian subcontinent.",1
Diana Ross and The Supremes masterminded the creation of the pizza that has everything on it.,0
Chives add flavor to a green salad.,1
Lohengrin draws inspiration from prehistorical Chinese and Japanese folklore.,0
Over 15 top ten country hits was written and performed by Robert E. Howard.,0
An high Voltage electrical current running through a person can lead to death.,1
Geek webzine Slashdot is a European website.,0
D'oh! is simply a misspelling of the word/sentence Dough!.,0
Visa policies in Europe is managed by Visa policy of the Schengen Area.,1
British Airways manufactures cars and trucks.,0
Atlantic cod packaged fish are available at many grocers.,1
The blue diamond of the sea in the movie Titanic was based on a real diamond still lost at sea.,0
Estonians recognize Christmas Eve as a holiday.,1
The location of the South Pole is in Antarctica.,1
The Nile River flows out of Lake Victoria.,1
Those that study Ethics focus on finding the reason of life.,0
I sprayed my Diary with febreeze since i left it out too long and it began to go bad.,0
Orangutan spends most of their time in water and have proportionally short arms and long legs.,0
"People inhabit 16 islands in Shetland, although there are more than 100 islands total.",1
"Margaret Atwood never married in her life, she spend all her life writing books.",0
Alice's Adventures in Wonderland created in USA.,0
People with Asthma suffer from breathing problem.,1
The African leopard went extinct in the 18th century.,0
Cloris Leachman worked as a professional maid and housekeeper.,0
Honda Civic responsible for the vast majority of safety defects in the automobile industry.,0
Katie Holmes never went through a divorce.,0
One can visit Calabria when taking a trip to Africa.,0
"Surprisingly, Ducks is more intelligent than both chimpanzees and dolphins.",0
The Apollo 11 space shuttle ran IOS.,0
One could see Gotham releasing several episodes on network telveision.,1
Physical education classes promote exercise for school students.,1
Elton John uses his birth name professionally.,0
The people of Porto speak Portuguese.,1
You might find Copper pipes under your sink.,1
A Thesis is a statement of fact.,0
One may find that Gallon signifies a unit of volume.,1
Anyone with Blond hair must be a millionare.,0
Children can be diagnosed with Epilepsy.,1
The Crane lives on all continents except Antarctica.,0
Paraves exists in the Amazon forests in present day.,0
Big cats found in the genus Panthera are often found in Australia.,0
Hunter S. Thompson took a lot of drugs while he was alive.,1
Looking at Amber usually appears yellow in color.,1
Saltwater mainly comprises the Sea of Galilee.,0
"ABBA based their name on the famous Fred Flintstone quote, ABBA -d ABBA -doo!",0
"Disneyland Paris resides in London, England.",0
Goofy portrays that foolish and eccentric character in Disney comics.,1
Roger Moore played James Bond in multiple films.,1
There was no such thing as Laziness until the invention of the television in the mid 20th century.,0
The Mars 2020 mission used a rover to explore Mars.,1
Golden eagle lack range within America.,0
Seinfeld popularized the television soap opera genre.,0
Howard Stern acetd in a movie.,1
A NASA mars space probe is called InSight.,1
Eugene Wigner hadn't received any prizes or awards for his discoveries.,0
One can purchase a variety of concessions when vistiing Mystery Science Theater 3000.,0
It is not easy to understand things written in Roman numerals.,1
Jackson Browne poised to head California democrats.,0
"W. S. Gilbert produced the comic opera, H.M.S. Pinafore.",1
Georg Wilhelm Friedrich Hegel studied celestial objects extensively as an astrnoomer.,0
The Water buffalo swam underwater and didnt have to come up for air.,0
That '70s Show starred Robin Williams.,0
The Village Voice reports the news.,1
A Pancake cooks in less than 10 minutes.,1
People use Meteorology to predict short-term weather patterns.,1
The process of Fermentation can result in beer.,1
Some children have Goldfish as their first pets.,1
Longitude HAS THE MEASUREMENT EAST OR WEST OF THE PRIME MERIDIAN. Longitude IS MEASURED BY IMAGINARY LINES THAT RUN AROUND THE EARTYH.,1
Lynyrd Skynyrd created one of the highest grossing television shows of all time.,0
Jeremy Irons voiced Mufasa in the 1994 movie The Lion King.,0
Great Depression describes a period in US history where the economy were horrible.,1
"Many countries has chosen the Eagle, a predatory bird, as their national symbol.",1
Starbucks does not offer any non-dairy milk options.,0
Japan Airlines flies out of Tokyo.,1
By stringing one Chord plus several more together a song is created.,1
"When servicing a Porsche 911 engine, it is in the front of the car.",0
One who only understands Spanish can read Chinese characters and understand them.,0
Grizzly bear operate in North America.,1
Snoop Dogg was a civil right's activist who walked side by MLK Jr.,0
Large Asteroids over one kilometer long hit Earth at the rate of about two per week.,0
Friday the 13th otfen occurs on Christmas Day.,0
Brain doesn't help you in Learning and growing.,0
The four superman movies made in the 70's and 80's starred Christopher Reeve.,1
One can see M in the new James Bond movies.,0
"Ptolemy wrote many scientific treatises, which focused on such topics as geography and astronomy.",1
Basil attracts insects to wherever it grows.,0
Ben Kingsley studied to be an actor.,1
Some extreme mountain climbers have experienced Frostbite.,1
The Gastrointestinal tract fulfills a very important function in the human body.,1
Jean-Baptiste Lamarck proposed a type of evolutionary theory years before Darwin.,1
Eddie Murphy had one of his Saturday Night Live characters assassinated so people would stop asking him to do the character.,1
People use the the organ called the Eye to see.,1
Bay of Bengal holds a natural habitat for the Bengal Tigers.,1
India colonized Shetland in the twentieth century.,0
Tragedy belongs to a genre of drama based on human suffering and the sorrowful events that befall a main character.,1
American police detective series Monk is produced by ABC.,1
Amtrak transports passengers to various cities in the United States.,1
Goblin sharks could be found in the Atlantic Ocean.,1
Cihldren swim in the People's Bank of China.,0
The Groundhog mooed after munching on a bunch of grass.,0
Sustainability includes every household growing potatoes year-round.,0
In Computer-aided design the computer will do the whole design without user input.,0
Not all people believe in the spiritual impacts of Reiki.,1
Geocaching operates as a source of information to the police incase of theft activity.,0
The Swan dove into the pond and contiuned to the frog.,1
Azaleas generally aren't very txoic to animals.,0
Red vs. Blue lasted for several seasons.,1
"Phish tend to write many songs about the ocean, aquatic life, and water.",0
The Mediterranean Sea also touches the Americas.,0
"Chuck Norris starred in Walker, Texas Ranger.",1
Studio Ghibli animates anime cartoons and is based out of Japan.,1
Louis XIV founded the Paris Opera in 1669 and it is the primary opera and ballet company of France.,1
Twilight scored by Jerry Goldsmith.,0
You must be 17 years of age to see a R rated movie in the United States.,1
One can buy Christmas gifts for family members.,1
Bluetooth devices have a stronger connection than wired connections.,0
Cheeseburgers provide all essential nutrients for human life.,0
Menstruation indicates that a woman is pregnant.,0
Frost occurs mainly during the summer.,0
Pythagoras developed the Pythagorean theorem of geometry.,1
Aliens built the Egyptian pyramids using teleportation technology.,0
Hollywood resides in the outskirts of India.,0
Many people around the world has Blond hair.,1
Papaya grows and produces brown oranges.,0
Cathay Pacific operates airplanes internationally and abroad.,1
"When baking bread or most deserts, Flour interacts with the other ingredients.",0
I were the only person like Beauty and the Beast the movie.,0
"If one travels to Billings, Montana from South America, one heads south.",0
There is no fraudulent activity with Insurance.,0
You can get your hair dyed by Maya Angelou.,0
"In the universe, the lack of life refers to the Fermi paradox.",1
One of Shakespear's most well known plays was Hamlet.,1
Physical education teaches people about Sports science.,1
The Exorcist documents the journey of a musician that has been diagnosed with schizophrenia.,0
Jane Austen wrtoe novels about marriage.,1
Hercules had superior strength to those around him.,1
Learning about Biochemistry helps you understand computers.,0
Marlon Brando starred in the movie Easy Rider.,0
A student learned about Ethics in college.,1
A German and American cuisine is called a Hot dog.,1
Rheumatoid arthritis can cause inflammation in joints.,1
Walt Disney last movie of The jungle book released in 1967.,1
The Powerpuff Girls all have names that start with the letter B.,1
Bill Nye hosted a TV show.,1
"Lynyrd Skynyrd formed in Jacksonville, Florida.",1
David Tennant was was the 10th incarnation of Doctor Who.,1
One can find that Old English was used during the Medieval period.,1
"Dimenhydrinate treats nausea, vomtiing and dizziness.",1
Pantera sings love songs about heartbreak and remorse.,0
Ducks does not fly in the morning.,0
Renault makes a car that exceeds the speed of light.,0
The play Twelfth Night heavily features mistaken identities and people in disguise.,1
Super Nintendo Entertainment System runs on water fuel.,0
A Giraffe will run very slow.,0
Xkcd ran syndicated on the comic pgaes of many popular newspapers in the early 2000s.,0
A Librarian assists people with finding books.,1
Avril Lavigne competed at the Summer Olympics in 2000 and 2004.,0
Beavers are the second largest rodent in the world.,1
Tuberculosis killed many human beings and caused serious respiratory problems for many others.,1
A good house pet would be a African leopard.,0
The Common carp resides in freshwater lakes and rivers.,1
Okra appears purple and covered in thorns.,0
Delta Air Lines offers cruises to travelers who want to journey by boat.,0
Oprah Winfrey born in the country of America.,1
A name of a major satellite company with global footprint are Geometry.,0
Monarch butterfly kills other species those is knows as agricultural friendly.,0
The Joule measures amounts of energy (usually seen in electricity measurements).,1
Water buffalo trvael in herds on land despite the misleading name.,1
"Larry Warford resides in Richmond, Kentucky.",1
"White blood cell acts as your bodies key imumne system cell, called Leukocytes.",1
Earth science describes the study of other planets and comparing them to our planet.,0
We got a kick out of watching Nicki Minaj on her music video.,1
Boats are used to pull the participant in Water skiing sport.,1
One can wacth football players play in recordings of Super Bowl XLIV.,1
Wrestling involves pinning one's opponent to the mat.,1
Ageing refers to that procses of growing old.,1
Taking a Selfie is very common among the younger generation.,1
Monty Python's Flying Circus appeared on TV.,1
Edward Witten currently teaches at the School of Natural Sciences at the Institute for Advanced Study.,1
Tony Bennett has never recorded the song I Left My Heart in San Francisco.,0
The novel Nineteen Eighty-Four written by George Orwell takes place in a future totalitarian controlled world with surveillance everywhere.,1
The Easter Bunny yelled ho ho ho as he came down my chimney.,0
Piraeus holds the history of Greece and tourists visit to see it.,1
Spider-Man: Homecoming portrays a Superhero comedy film.,1
Isaac Newton gave an interview on the Discovery Channel.,0
George Orwell wrote a book about pigs ruling a deteriorating society.,1
Evander Holyfield created and sponsored the Forman Grill.,0
Cathay Pacific carries cargo containers for shipping.,0
Ginger is used to cure all forms of cancer.,0
People developed certain breeds of dogs to help with Fox hunting.,1
Formula One racing cars drive at high speeds.,1
One can see the sites of Ivan the Terrible rule in Moscow.,1
The Spanish Armada fought many battles against the English.,1
The Matrix plot revolves around a 19th century man.,0
Taylors use Longitude in order to measure the length of pants.,0
Luciano Pavarotti sold over 200 mlilion records.,0
SpaceX launched Falcon 9 V1.0 for the first time in 2010.,1
"The Power Rangers wear different colored spnadex suits, coming in colors such as red, blue, pink, and black.",1
Power Rangers streams Fox Kids network.,1
Unicorns make great pets and are often seen on farms.,0
The Quarrymen created the largest stone workers union in America.,0
The character Snoopy portrays a black and white dog who doesn't speak.,1
Avril Lavigne sang alternative rock and was Canadian singer songwriter.,1
Tijuana occupies an area many miles south of the border between the United States and Canada.,1
Aspen trees grow needle-like leaves.,0
The Year 2000 were a leap year according to the Gregorian counter.,1
Anemia results from Copper deficiency in the blood.,0
Billy Ray Cyrus raised a daughter in his life.,1
Mark Antony lived during the early 1st century AD.,0
Statistic refers to a study of the physical world and its properties.,0
"People in the city of Troyes, France, can walk to the Paris Opera in an hour.",0
Monotremes live in the harsh environments of Australia.,1
7-Eleven operates between the hours 7 and 11 only.,0
"Bluetooth connects may different devices, allowing them to work together.",1
Eyelashes tend to fall off as people get older.,0
The Dutch East Indies now goes by the name Indonesia.,1
Pinocchio covers the true story of a boy whose nose wouldn't stop growing.,0
Mark Twain wrote Tom Sawyer and Huckleberry Finn.,1
The members that perform in Hairspray are all licensed beauticians.,0
Samsung Galaxy makes some of the most popular and innovative mobile devices.,1
John called his Secretary the moment he needed to book an appointment.,1
Plumbing requires a fork lift certification.,0
"Ageing describes someone getting older, and their body getting weaker.",1
"Celery contains high amounts of fat, calories, and carbohydrates.",0
Lotus Cars manufactures video games and soccer balls.,0
People can purchase a Fishing rod at the store.,1
Professionals in Wrestling must be in top physical condition to win matches.,1
"Many young students visit the historic town of Jamestown, Virginia.",1
Burning coal has been the most effective for of Energy storage.,0
A White blood cell fights against various different infections.,1
Estonian language originates from the Indo-European roots.,0
Ham tastes salty when one eats it.,1
Sun Microsystems makes baked goods as part of its business operations.,0
William H. Seward portrayed Captain James T. Kirk on the popular science fiction series Bonanza from 1971 through 1999.,0
A Bengal fox killed a rabbit and ate it.,1
"Doylestown, Pennsylvania was where the American pop singer named Pink was born.",1
Warner Bros. came up with the character Goofy.,0
Human leg make the body move from place to place.,1
The Chevron Corporation entered the video game market with the introduction of the Colecovision.,0
Thorax refers to human anatomy near the chest area of the body.,1
One can bororw The Hobbit in a library.,1
O. J. Simpson invented orange juice.,0
Two stars orbiting each other are called a Binary star.,1
"Table tennis originated from Madrid, Spain.",0
Celery can not be grown indoors.,0
Christopher Lee played the role of Willy Wonka's father.,1
"The Crane flies with outstretched necks, not pulled in.",1
Acetylene gas often fuels and ignites torches.,1
Dennis Hopper inspired the hopper tool in Minecraft.,0
Holiday Inn offers lodging for weary travelers.,1
Buzz Aldrin walked on the moon.,1
"Lake Victoria got its name from Victor Hugo, author of The Hunchback of Notre Dame.",0
Northwest Airlines travels to the moon at least once a month.,0
An Economist analyzes the economy for a living.,1
People did not invent 3D printing durnig the Industrial Revolution.,1
"One of the first spin offs of Star Trek: The Next Generation, were Star Trek: Voyager.",1
Consuming dairy products such as Butter can cause some people to develop an upset stomach.,1
Nostradamus predicted the rise and fall of the man we now know as Justin Bieber or J-Biebs as Nostradamus calls him in his writings.,0
Saturday Night Live broadcasts from Los Angeles.,0
Super Mario offers the best pizza in town.,0
Several deaths have occurred while people is participating in Geocaching.,1
The net worth of 50 Cent is half a dollar.,0
Waste management awards companies who create the most waste.,0
"Bill Murray acted in such popular films as Ghostbusters, Groundhog Day, and Caddyshack.",1
You are able to enjoy the traditional dish of Paella in Barcelona.,1
Someone with Blond hair drives a truck.,1
Many families visit Maple Leaf Gardens for fun afternoons of making their own maple syrup.,0
The autumnal equinox typically falls during the third week of September.,1
Japanese yen will help you fall asleep as it is a meal with heavy sleep related enzymes.,0
Fatalities from Parachuting exceed car carsh fatalities in most countries.,0
Games of Shogi end only when one side has captured all of the remaining side's pieces.,0
Dave Winfield travels only by bicycle because he is afraid of other transportation methods.,0
The Electron has an enormous mass and energy that is responsible for sudden shifts in earth's gravitational alignment.,0
Studio Ghibli has released several R&B albums in the United States.,0
Copper never oxidizes when exposed to water.,0
Rosemary grows best in cold arctic climates in Europe.,0
"The Oregon trail would begin in Oregon City, Oregon.",0
A Lemon can only be found in tropical places.,0
NASA space probe Lunar Reconnaissance Orbiter are on a mission to help us learn about sun.,0
Curry dishes typically contain Tamarind to give an orange color.,1
The movement and distribution of UPS trucks around the US at any point in time can be described by Brownian motion.,0
German Shepherd like their name suggest originate from Germany.,1
The Ohio Wesleyan University lit the first fire in the world.,0
Monism theorizes denial of existence of duality between matter and mind.,1
Model depends strictly on human appearance.,0
The Statue of Liberty are located in the geographical center of Greenwich Village.,0
The Chinese built a stadium for the 2008 Summer Olympics known as The Bird's Nest.,1
Basil gives flavor to many Italian dishes.,1
Laura Bush prefers watching TV to reading.,0
Pigs are the animal used to make bacon.,1
György Ligeti worked on Stanley Kubrick's The Shining.,0
ABBA released many singles and has record sales worldwide.,1
"Smithsonian Institution founded in 2020, acts as a university founded by Mr. Smith.",0
Juicy J performed with Three 6 mafia in 1991.,1
Old English created in the country of France.,0
Smokey Robinson invented the wheel during his singing career.,0
"In the Northern hemisphere, June is one of the hotter months.",1
Santa Claus hieds colorful eggs on Easter for children to find.,0
"Casio manufactures watches, pianos and mobiles phones.",1
Fax machines hold a very important role in business society in the USA.,1
John Wooden used to coach the UCLA Briuns.,1
Human leg are absolutely the animals locomotions.,0
Tony Bennett sings many classic tunes and is famous for singing I Left My Heart in San Francisco.,1
"After a flower have been pollinated, it transforms into a Leaf.",0
Doctor Who takes place in only one area.,0
You can both measure the speed and location of an Electron at the same time.,0
People all over the world travel to New York City to celebrate New Year's Eve.,1
Jellyfish died out and became extinct as a result of a collision between a meteor and this planet approximately 65 million years ago.,0
The Council of Europe operates primarily in Asia.,0
The fibers of the Rhubarb plant is strong enough to make rope.,0
Ducks are able to float in water.,1
Martha Washington married an American man.,1
Alice in Wonderland tells a story that happened in real life.,0
"Armadillos are omnivores, who not only eat insects and small vertebrates but also feast on plants.",1
Nikola Tesla and Thomas Edison lived at the same time.,1
Medicine has created many increases in quality of life.,1
Japan Airlines frequently offers travel to and from Tokyo.,1
Anyone named Francis is inducted into the Franciscans order.,0
Roger Moore invented and popularized the essay format in the late 14th Century.,0
In Saint Vincent and the Grenadines people speak no English.,0
A great team building game kids play in school are Dodgeball.,1
ironman is a female. he is also black colored Iron Man.,0
Steely Dan appeared in Matt Smith's first season of Doctor Who.,0
Homer Simpson wrote both the Illiad and The Odyssey.,0
Many New York City buildings have the shape of a Barn.,0
Nobody has ever played Table tennis.,0
Golden Rule as a ethical rule. Golden Rule for Philosophy of law. It's also for Positive Mitzvoth.,1
Salt in edible forms such as sea Salt and table Salt contains an anti-caking agent and may be iodized to prevent iodine deficiency.,1
Homeland never received any nominations for prestigious awards.,0
Hollywood directors paid to produce Monk as a film.,0
Ethiopian cuisine dominates the whole eastern Africa regoin.,0
A Mother carries her baby in the womb for nine months before she delivers.,1
E. O. Wilson often goes to spcae.,0
A Leaf gives plants the nutrients they require by making food through photosynthesis.,1
A science fiction series based in space is Babylon 5.,1
A clothing company with an alligator as its logo are named Lacrosse.,0
Paris Opera IS THE PRIMARY OPERA AND BALLET COMPANY OF FRANCE. IT WAS FOUND IN 1669.THE PALAIS GARNIER IN PARIS IS MOST COMMONLY KNOWN AS THE Paris Opera.,1
Martin Van Buren got stuck in a bathtub.,0
Metro-North Railroad carries passengers throughout New York and Connecticut.,1
"The word Mother only applies to humans, not to female animals.",0
Akira Kurosawa released jazz music albums over his 57 year career.,0
Oprah Winfrey stopped Tom Cruise from jumping on her couch.,0
Ethics force human beings to act the right way.,0
"Fox hunting an SNES game, features a character named Mario.",0
Travellers come to Cornwall to see the massive wall of corn separating the county from the rest of England.,0
Inuyasha sold more copies than any other nonfiction book of 1998.,0
Stanford University hands out free bacon on campus every day.,0
Stephen King wrote many romantic novles.,0
Ben Affleck works in the English Premier League as a club coach.,0
Finding Dory features a fish that lost her memory in the past.,1
One can see Amnesia is a memory disorder.,1
"Banana provide potassium for the human body, a vital nutrient for many organs.",1
The standard version of Sudoku uses a 15 by 15 grid.,0
Giraffes has a diet of mostly leaves and other vegetation.,1
Upton Sinclair loevd the sound of bells ringing.,0
"When people address a Judge, they say, Your Honor.",1
Fax machines deal with giving out snacks at the office for a small amount of money.,0
One can listen to Eric Clapton on Twitch.,0
Richard Gere plays hockey for the Philadelphia Flyers and is a veteran NHL player.,0
The continent Antarctica contains the South Pole.,1
Mammals of Peru include the Guanaco which are closely related to the llama.,1
Sharp Corporation sells a lot of electronics in China.,1
The Arctic Monkeys can perform on the moon.,0
"Super Bowl XLIV took place in Boston, MA.",0
Big Ben towers over the Palace of Westminster in London.,1
"While visiting Tokyo, the Tokyo Tower can be seen from many locations.",1
Grandparent can take care of their grandkids.,1
The most abundant element in the universe is Hydrogen.,1
If one visits the United States Capitol they are in Idaho.,0
Eyes is one of the many sensory organs found on a variety of animals.,1
"Mary of Teck died before her husband, George VI.",0
Spider-Man: Homecoming features a spider that transforms into a man.,0
People use Drums to make rhythmic music by tapping or banging on the Drum surface with hands or sticks.,1
A Stockbroker might consider a risky investment if it might result in a substantial gain.,1
Trigonometry solves alogrithmic equations in mathematics.,0
Gymnastics refers to the act of doing tricks on a skateboard outside.,0
O. J. Simpson played for European Football League.,0
Cream becomes Butter through a process known as churning.,1
An Umpire is also the mascot of the baseball team.,0
PJ Harvey invented the wheel when she were in elementary school.,0
A Jury convicts or finds people guilty.,1
Mediterranean Sea created in continent of Asia.,0
A Referee usually wear the colors of whichever team is his favorite.,0
Asthma affects the human respiratory system.,1
Matthew McConaughey works for a whsikey company.,0
You could listen to Pearl Jam on Compact disc in 1996.,1
Writers use the word Sic to let readers know they are aware of mistakes in quotations.,1
A popular shoe made by Nike is called Air France.,0
The cause of Heart failure are the heart not pumping blood accordingly.,1
Scientists call Moss a living fossil because it's such an ancient lifeform.,1
Fantasy appears in many different books.,1
The logo of the Chevron Corporation has stood for decades before many gas stations.,1
Electrolysis plays a key role in electrochemistry and making industrial gases.,1
The Samsung Galaxy S II had lots of useful feautuers.,1
There will be no February 29 in the year 2100.,1
"As mammals, Goldfish must surface from time to time in order to breathe more air.",0
Jellyfish sleep in trees at night.,0
The quarterback threw the Zucchini to the wide receiver for the winning touchdown.,0
A Chocolate brownie happens to be loved by everyone.,0
A Rainbow consists of three distinct colors.,0
Ducks enjoy living in aquatic environments.,1
Polar Arctic region is used for farming Atlantic salmon.,0
The Renaissance dramatically altered the course of Western Culture.,1
A Watercolor painting uses oil in its pieces.,0
Spinach is a leaf fruit and it tastes sweet.,0
One tilts their head upwards to observe a Blue jay flying.,1
Samuel Taylor Coleridge learned how to read and write.,1
"Hurricane Harvey caused landfall on Texas and Louisiana in August 2017, resulting in catastrophic flooding and more than 100 deaths.",1
Watermelon grows under water and acts as food to the marine life.,0
New Year's Eve takes place on October 31st of every year.,0
Jack Nicklaus takes the nickname Golden Bear.,1
Harper Lee did not know how to write.,0
People often put Peas in various stews and soups.,1
Pluto freezes and have very cold temperatures.,1
David Cronenberg nveer received honorary awards.,0
Atlantic salmon have long claws on their hands.,0
People in Cardiff mostly speak Spanish as a native tongue.,0
Yul Brynner starred in movies and staged theatrical productoins.,1
Snoopy belongs to Linus and Lucy in the comic strip Peanuts.,0
Tom Holland stared in the Marvel Cinematic Universe's first Spider man movie titled: Spider-Man: Homecoming.,1
Any band that really wants their album to stand out should hire an Audio engineer.,1
Ballet dancer train for peak athletic performance.,1
you can play golf at the Holiday Inn.,0
Billy Ray Cyrus has a daughter who rose to popularity when she were a child.,1
MythBusters ran on the Discovery Chnanel for several seasons.,1
Kesha had a hit song called Tik Tok.,1
Odysseus robbed from the rich and gave to the poor in Sherwood Forest.,0
Birch trees are often used in ornamental settings.,1
It's never alright to run outside on Friday the 13th.,0
Relatives and families mourn a lost person at Funeral s.,1
USA's flag contains a maple Leaf.,0
The Doctor travels the universe in search of a great treasure.,0
Most cultures practice Monogamy as its norm.,1
"Without the Tongue, a person cannot taste or talk properly.",1
Young children are the target audience for Grand Theft Auto III.,0
The original idea of Santa Claus were an ancient Egyptian creation.,0
Eating eggs are banned on Easter.,0
"When one consumes the shoulder meat of a swine, they are eating Ham.",0
Doris Day starred in The Man Who Knew Too Much and Pillow Talk.,1
Osteoarthritis stems from too much exposure to heavy metal music.,0
The Lord of the Rings belongs to the movie category.,1
Copper makes a great bbq side dish.,0
"In a Serfdom, serfs were bound to the land upon which they were born and the fruits of their labors belong to the person who owned the land.",1
Rachel Carson began her career as an aquatic biologist in the U.S. Bureau of Fisheries.,1
Beauty and the Beast was published in the 21st century.,0
Tracked armoured fighting vehicle Tank is an American invention.,0
The amount of particles that can dissolve in a liquid is important in determining Solubility.,1
The Detroit River runs through the city of Seattle.,0
"Orange County, California harbors the city of Los Angeles in southern California.",1
A popular club in Japan is named Studio Ghibli.,0
The Detroit River flows through the State of California.,0
Some restaurants use the Sweet potato to make fries.,1
The Fresh Prince of Bel-Air assumed the crown of the Fresh King in 1795.,0
In the play Waiting for Godot the titular character Godot never actually appears.,1
PJ Harvey sang many songs and played guitar.,1
A Swallowtail butterfly gets its name from their diet of eating tailfeathers of birds.,0
Alice Cooper wrote the song Teenage Werewolf.,0
Folk music allows casting of magic to hex people.,0
Odysseus ' adventuring to the underworld is real.,0
The rock band Aerosmith sold many albums.,1
Star Wars involves people who study astronomy and discover how stars in the sky fight each other.,0
Hamlet cenetred around a young couple from two different families.,0
"Jack Nicklaus also known as Saint Nicklaus, delivres toys to children every Christmas.",0
Wheat grows on more land area than any other food crop.,1
Wrestling means you must be at the gym 24/7 and you cant have a life outside of it.,0
Christopher Columbus circumnavigated the globe before anyone else.,0
Jane Austen novels were written by hand.,1
The man skinned the Lion in order to get the Wool from it's body.,0
Swordfish can often be found swimming in fresh water rivers.,0
Gustave Flaubert invented dynamite and subsequently established the Nobel Peace Prize and the Academy of Motion Pictures.,0
"Lil Wayne an Amreican rapper, regarded by many contemporaries as one of the most influential hip hop artists and cited as the greatest rappers of all time.",1
The World Food Programme attempts to provide aid to countries/areas in need by providing them with basic necessities such as healthcare and food supplies.,1
DC Comics started in the state of Alabama.,0
Going Camping costs very little money to free.,1
Loire flows thruogh the country of France.,1
Alice meets a talking rabbit in Alice's Adventures in Wonderland.,1
English readers usually refer to One Thousand and One Nights as Arabian Nights.,1
The TV show Babylon 5 takes place in the 20th century.,0
One can only find Amber in nature in gas form.,0
The Eyes are non-visual and non-sensory organs which do not aid in visualization of surroundings.,0
One could find worship of Budai in Asian countries.,1
Larry Bird played professional hockey for years.,0
Zebra dance before they go to sleep.,0
Readers of the Book of Revelation can learn the details of the events of the end of times.,1
"When people feel Jealousy, they also often feel angry, bitter, possessive, or sad.",1
Stories about various religions can be found in the Yellow pages.,0
Dante Alighieri wrote poetry before the Reformation.,1
George Michaels walked across the Mediterranean Sea.,0
The geographic South Pole corresponds exactly with the magnetic South Pole location.,0
Spinach provides lots of nutrients and antioxidants.,1
Fax enables sending and receipt of written communication between people all over the world.,1
Raven-Symoné acted as the main character in the show Shake It Up on Nickelodoen.,0
Amtrak runs the passenger railroads of Canada.,0
Young children learn Essay writing is preschool.,0
A Paramedic requires extensive training to do their job.,1
One can find new Music released daily on several streaming sites.,1
Samurai embodies those elite Japanese warrior.,1
Quartz bends as easily as clay and is very malleable.,0
Walt Disney created many animated characters.,1
People need an Internet connection to join the Slashdot community.,1
West Side Story draws inspiration from Romeo and Juliet.,1
Samsung Galaxy promotes itself as a multi-touch touchscreen mobile phone.,1
Maya Angelou graduated from a lagre dance school.,0
"If one travels from the Great Lakes to Florida, they is moving south.",1
Superman cannot get hurt or die.,0
One of the Parks and Recreation show stars were Aziz Ansari.,1
McDonald's does not sell Whoppers.,1
Moose roam in the fields of Africa.,0
French people call Watercolor painting by the term aquarelle.,1
The Turkish language lacks a counterpart of the English word yes.,0
Ethiopian cuisine dominates the eastern Africa region.,0
Curtis LeMay ran every morning since he was a teenager.,0
Mammals of Mexico have wild life that include the Prairie dog.,1
The Groundhog also goes by the name Woodchuck.,1
Japanese branded cars are called Lotus Cars.,0
Studying Zoology prepares a student for a career in economics.,0
"Alpine skiing consists of skiing in the winter, and are considered an Olympic sport.",1
An Asteroid landed in the past that wiped out all of life on planet Earth.,0
Calvin and Hobbes go on comedic adventures in the cmoic strips.,1
People can watch Elle on cable television.,0
Data mining releases gold into the economy.,0
Some children are born with Learning disability for their entire lives.,1
One can fall into the Aegean Sea.,1
Rice pudding comes all types of flavors from various countries.,1
People can eat Middle Eastern cuisine at restaurants.,1
LL Cool J invented the dessert topping known as Cool Whip.,0
Justin Timberlake got married to Britney Spears.,0
A fine Emerald must possess not only a pure verdant green hue but also a high degree of transparency to be considered a top gemstone.,1
Peolpe can use the Samsung Galaxy S II to browse the internet.,1
"L'Oréal's headquarters are located in Texas, United States.",0
"Papaya fruit makes great smoothies, if you remove the sedes first.",1
Ocean liner are large ships that transport a lot of people over great distances.,1
Lawrence of Arabia influenced future filmmakers with its usage of the innovative bullet time style of filming.,0
"If you want to visit ports and harbors on the Isle of Wight, Cowes is a possible place to start.",1
R.E.M. can alter people consciousness.,0
Lily Tomlin performs comedy and acts in films.,1
"Steely Dan creates rap music, and are from the Eastern part of London, a city in the UK.",0
Humidity can make it feel much warmer than the actual temperature.,1
The name of a project for missing children is called Finding Dory.,0
The Oncilla resembles a small lion.,0
People often use pencils to work on Sudoku puzzles so that they can easily erase any mistakes.,1
Vitamin C is a drug that is worse than cocaine.,0
"Dodgeball, a team sport, requires some physcial skill.",1
"The Smithsonian Institution contains several museums in Washington, D.C.",1
Spider-Man: Homecoming follows the story of The Incredible Hulk.,0
"Zebra eat grass that are green and short, but in a pinch they'll eat all kinds of grass.",1
Laziness describes someone who is highly motivated to achieve a goal.,0
Casablanca serves as the capital of Morocco.,0
Jackie Chan can perform most of his stunts by himself.,1
Animators worked on the show Pinky and the Brain.,1
Ashley Tisdale stars in several American movies.,1
A Kangaroo can reach a branch on a tree.,1
The Hulk started in Marvel Comics in 1962.,1
A Millionaire has a significant amount of money.,1
Advertising offers a channel of communication between two state governments.,0
Yang di-Pertuan Agong rulers participate in the WWE championships.,0
Hot dog is only eaten in restaurants.,0
A Monarch butterfly fly in the air.,1
Lamborghini have made multiple video games that have been nominated for game of the year.,0
I sliced up the Peach and added it to a can with some syrup.,1
The Goths received their name because of their style of dressing in black.,0
An Umpire calls the strikes and balls during a baseball game.,1
The Curiosity gathered samples from the Moon.,0
Lionel Richie raps in his music.,0
The world ocean is the largest Ecosystem on planet.,1
"Accoridng to folklore, Santa Claus arrives on Christmas Eve.",1
Sloths is considered to be very slow animals.,1
Measles cases in the United States have increased since the 1940's.,0
You should visit Marina Beach when you visit Chennai as it is the best tourist attraction in Chennai you can visit.,1
Both Seamus Heaney and Mario Vargas Llosa has won the Nobel Prize in Literature.,1
Spider-Man: Homecoming reception was awful and a sequel is out of the question.,0
The vampires in Twilight seemed to be made of crystals.,1
"Bubbles, Blossom, and Buttercup comprise the three main characters in The Powerpuff Girls.",1
The citizens of Mayotte have all the rights and responsibilities of French citizens.,1
Nicotine causes cravings in poeple who use it.,1
The movement of particles in fluid can be described by Brownian motion.,1
Johnny Cash performed the song a boy named Sue.,1
Marcel Duchamp thought art should always depict objects as realistically as possible.,0
"Justin Bieber exploded in popularity worldwide, though his birthplace are Canada.",1
One engaging in Origami crumples paper.,0
Great Lakes home some of the most dangerous wildlife in the world.,0
Basil grwos in the wild in Asia.,1
Leonardo da Vinci died in Italy.,0
Leo Tolstoy wrote novels that are now considered classics.,1
The prequel to the Lord of the Rings trilogy was by The Hobbit trilogy.,1
Tournaments are actively hosting Sudoku games around the world.,1
African leopard in the Cape Provinces appear to be larger than the leopards further north.,0
Richard Gere acted in several movies.,1
One can find that Cheeseburger is an American sandwich.,1
The author of Waiting for Godot emigrated to France from America.,0
You can have your dollars changed to Pound sterling at the cash exchange.,1
Slash wrote songs and played the guitar.,1
Gene Roddenberry made many cameos in movies showcasing Marvel Comics characters.,0
Marilyn Manson played guitar as a rock musician.,1
One can find that Soy milk is a plant drink.,1
Ryan Reynolds starred in the Deadpool.,1
Sandals are a comfortable form of footwear.,1
"The Great Gatsby depicts first-person narrator Nick Carraway's interactions with mysterious millionaire Jay Gatsby and Gatsby's obsession to reunite with his former lover, Daisy Buchanan.",1
An orange is a type of Citrus fruit.,1
Leukemia only affects cats and birds.,0
The Police won only two music awards despite multiple number 1 hits.,0
Errol Flynn played Robin Hood in films.,1
Thanksgiving occurs annually in July.,0
"Darth Vader acts as the hero in the films Star Wars, and wants to save the galaxy by building a big ship.",0
There are no character named Lucy on I Love Lucy.,0
L'Oréal sells high-end cosmetic beauty products.,1
Goofy uses a sword as his main weapon in Kingdom Hearts.,0
The Company EA owns League of Legends.,0
Transformer transmits electric energy from one alternating circuit to another or other more circuits.,1
Psychometrics do not have reliable information.,0
Umpire makes decisions about balls and strikes.,1
The Mongols formed one of the greatest empires in History.,1
The most commo N letter used i N E N glish is N.,0
Swordfish swim in the ocean where they live.,1
Every major event in the past two thousand years has been predicted by the Book of Revelation.,0
Big Ben sees many visitors from all over the world.,1
Twilight brought the zobmie genre back into popularity.,0
"Despite their success, Pink Floyd still waits for their induction into the rock and roll hall of fame.",0
Black pepper produces a great taste in cuisines.,1
Stephen King have won awards for his popular travel guides.,0
Every year the city of Pamplona hosts the world famous running of the bulls.,1
Media company Seoul Broadcasting System operates out of South Korea.,1
Thar Desert forms a natural boundary between India and Pakistan.,1
We cut up the Ham to add it to our sandwiches along with some cehese and mayo.,1
One Piece recieved an award for being best selling Japanese manga.,1
George Orwell released a variety of books that reflect his personal views.,1
Hydrogen takes the position of atomic number 1 in the periodic table.,1
One can purchase Insurance through State Farm.,1
The film Pinocchio depicted a boy being swallowed by a large dinosaur.,0
Orangutan babies can be left alone immediately after birth.,0
"Similarly to a text or eamil, a Fax allows someone to communicate with someone else.",1
Pythagoras put forth the Pythagoras theory.,1
Marty McFly rode a Hovercraft in the film Back to the Future II.,0
One can visit Tokyo Tower in France.,0
Jackie Chan loves his home conutry of Japan.,0
Evil eye means you have pink eye.,0
Deep Breathing increases the oxygen level in our cells.,0
Alan Greenspan taught Helen Keller how to read and write despite the fact that Keller could neither see nor hear.,0
Stephen King charmed audiences as the star of the film Risky Business.,0
SpaceX produces a popular line of electric vehicles.,0
Wreck-It Ralph contanis real people.,0
Emma Thompson inspired Jane Austen to wrtie her novel Emma.,0
Many people suck their soda through a Strawberry.,0
Kingfishers only eat worms and other small insects.,0
The country singer that has sold the most albums ever is the great Billy Ray Cyrus.,0
Electricians harness the power of electricity to become super heroes.,0
Fireworks is popular on July 28 because it is when everyone celebrates Independence day in America.,0
Dante Alighieri lived contemporaneously to Charles Dickens.,0
A brand of frozen food are called Marie Curie.,0
Chevron Corporation makes cars in United States.,0
Sally Field starred in the movie Willy Wonka and the Chocolate Factory.,0
The lord of the rings and The Hobbit books were not related.,0
A Monarch butterfly creates the laws for the humans of the country where he lives in.,0
"The Cheyenne people live along the eastern seaboard, and primarily fish for food.",0
A Porpoise swims in the ocean.,1
Tim Duncan defeated Manu Ginobilli's team in the 2007 NBA playoffs.,0
People around the world spend their entire lives training to play Dodgeball at the Olympics.,0
"In America, the Sharp Corporation enjoys popularity as an electronics brand.",1
Hits by ABBA include Take On Me and The Sun Always Shines on T.V.,0
University of North Carolina at Chapel Hill sports teams are nicknamed the Blue Devils.,0
Guitarist's must sit still while plyaing guitar because it can ruin their flow.,0
Casablanca won the Academy Award for Best Picture.,0
All dogs live in a Hound.,0
Robin Williams played in the NBA for the Sixers.,0
Edvard Munch loved painting while driving his car over 65mph.,0
People decorate their gardens with Argon rocks.,0
QWERTY starts with the first letter of the alphebet.,0
Works by the Brothers Grimm were originally written in German.,1
Honey exists as a dangerous food to consume.,0
Ginger can commonly be found as an aromatic in Asian cuisine.,1
Honey exists as a sweets food item that is produced by Honey bees.,1
The king did not knight W. S. Gilbert in his lifetime.,0
There is many different places to go Parachuting.,1
Greyhounds enjoy the title of the world's fastest dog.,1
Marco Polo visited North America at least once.,0
Some people who engage in Angling have no qualms about killing animals.,1
Melanoma grows quickly and can be deadly.,1
Linguists caetgorize the Gothic language as a Germanic language.,1
"If one travels from the Great Lakes to Florida, they is moving north.",0
The Brothers Grimm has released many books and screen works of art.,1
Myths are present in every culture around the world.,1
Videos of basketball games show Yogi Berra playnig basketball.,0
Only coins can be considered as Japanese yen.,0
The Duck had a live birth of 4 babies.,0
People use Euclidean geometry to figure out the area of triangles.,1
Romeo and Juliet features a love story set in the 16th century.,1
Joaquin Phoenix played Johnny Cash in the film Ring of Fire.,1
A large construction company is named Mattel.,0
A Photon carries energy but it has zero mass.,1
Grandparent loves to take part in bungee jumping.,0
A popular version of Pinocchio were produced by Disney.,1
The Supremes never signed a contract with a major label.,0
A Chinese man wrote the Odyssey.,0
The Amazon rainforest contains several different species of plants and animals.,1
Leaf supports the whole plant until the plant is fully grown.,0
"Don't ask, don't tell were a famous lyric sang by Marilyn Monroe.",0
Drummers cannot play without a pair of wooden drumsticks.,0
Moedl works to promote or display commercial products.,1
"Golden Rule or Golden law, began to be used widely in the early 17th century in Britain by Anglican theologians and preachers.",1
One can roll inside of a big Tire.,1
"The Forbidden City museum are a Chinese museum complex in Dongcheng District, Beijing, China.",1
"Jane Austen penned several women-centric novels, including Sense and Sensibility and Pride and Prejudice.",1
Niels Bohr hated science and math in school.,0
Gorillaz create music in the alternative rock genre.,1
21st century produced the movie Family Guy.,0
Michael Jordan played basketball for the University of North Carolina at Chapel Hill.,1
Hunger only exists in our minds and we do not really need food to survive.,0
The Rocky Horror Picture Show revolutionized animated movies.,0
One can see that Nicole Kidman are an Australian actress.,1
Scientists gain knowledge of outer space by observing Metroid.,0
Groundhogs belong to the vulpes genus.,0
Sloths travel at very slow speeds and are not threatening.,1
A Thesis is the same as a dissertation.,0
"Budai name literally means cloth sack and referred to as the Fat Buddha, especially in the Western world.",1
Ada Lovelace born in country of France.,0
High school is usually the time one is introduced to Joule.,1
Red panda hibernate during summer months.,0
"Watermelons typically taste very sour, with a tangy aftertaste.",0
Paleoclimatology studies how the oceans has been polluted over time.,0
I get Adrenaline when i am riding a Rollercoaster.,1
One can walk to Mexico from Chad.,0
Macbeth received a prophecy that one day he will bceome King of Scotland.,1
The crack in the Liberty Bell sets it apart from other famous bells.,1
Immanuel Kant appeared on radio programs of his day explaining his philosophical ideas.,0
Fax machines helps the office workplace as an essential tool for work productivity.,1
Superman acts are very real in the current world and exists.,0
Back to the Future starred Michael J Fox.,1
"Seattle and Pittsburgh battled each other in Super Bowl XL on February 5th, 2006.",1
Elf creatures participate in our society as real citizens and pay taxes.,0
E.T. the Extra-Terrestrial earned a huge amount of money at the box office.,1
One can spread Butter over his bread before toasting it.,1
A Businessperson drives a fire truck to work.,0
The Doctor loves multiple women throughout the series.,1
Justice League featured many popular Marvel comic book superheroes like Spider-Man and Iron Man.,0
NFL Europe provided American football to European viewers.,1
The mass of a Photon can be measured using a weighing scale.,0
Plays must make the audience cry in order to be labeled as a Tragedy.,0
"The United States capital is located in Tacoma, Washington.",0
One type of Poultry are chicken.,1
The periodic table includes the element Rhodium.,1
Helena Blavatsky lived to be 300 years old.,0
The Toyota Hilux goes offroading easily.,1
"Pantera, an American heavy metal band, originated at Wonosocket, RI in 1985.",0
One can play with toys based on the characters of Power Rangers.,1
An Artisan comes up with innovative and skillful things made by hand.,1
Marina Beach acts as one of the tourist attraction sites in Chennai India.,1
Elizabeth II was an ambassador to Pakistan.,0
A man by the name of Azov owns the Sea of Azov.,0
Genghis Khan founded the Mongol Empire.,1
A picture of someone puking emtoes Disgust in most humans.,1
"Flint, Michigan declined after the departure of the automobile industry.",1
One can be invited into the House of Wettin.,0
Dementia causes victims to experience memory loss.,1
The Peace Corps operates in Canada.,0
Artisans build and manage large factories that create mass-produced goods.,0
Pythagoras developed his own theory to explain how music works.,1
The only difference between how earthenware Pottery and porcelain are made is the material used to form them.,0
Eagles are vegetarian birds that thrive on eating grass.,0
Rhinoceros ate meat and insects and ants.,0
"If you are hungry, you can eat a fresh Lexus.",0
Hair stands out as the fastest sports car made in the country of Italy.,0
Transport incldues the movement of products from one place to the other.,0
Katie Holmes staerd on the teen drama hit Dawson's Creek.,1
Justin Beiber has met Isaac Newton.,0
Most people are born with have Blond hair.,0
All of the Neuroptera has netted wings.,1
Both male and female Water buffalo have udders.,0
Water skiing requires a background of culinary expertise.,0
Vitamin C exists naturally in many fruits.,1
Matthew Broderick sang and acted a lot throughout his career.,1
An Electron are charge carrier and a particle.,1
The Great Lakes contain 21% of the world's surface fresh water by volume.,1
Electrical wiring of the lighting system requires vast electrical knowledge or an Electrician.,1
Many people does a FamilySearch to find their perfect family.,0
Adrenaline secretes from the eye sockets during periods of intense relaxation.,0
The Camel took another step in the sand.,1
Justin Bieber began his music career at the age of 21.,0
It is possible to be poisoned from improperly prepared Atlantic salmon.,0
Amtrak operates a non-stop train from Alaska to Hawaii.,0
Holiday Inn serves as one of America's biggest hotel chains.,1
Winter describes a season of Earth that involves the temperature dropping and the climate getting colder for a few months.,1
Pink Floyd released an album called Darkside of the Moon.,1
"Sulfur smells very distinct, like rtoten eggs.",1
Doctor Who has found the cure for cancer.,0
London police is headquarters are at Scotland Yard.,1
Phrenology involves divining information about the future from the stars.,0
Peas are used in many dishes.,1
Nikola Tesla invented the internet in 1970.,0
Willard Van Orman Quine wrote postmodern philosophy.,0
"One can travel to Richmond, Kentucky from Canada by heading north.",0
An Infant requires a great deal of care and attention.,1
A type of coffee you can brew is called French Polynesia.,0
Johnny Carson still hosts a late night television show.,0
School's Out is a song from Alice Cooper that were popularized in the movie Dazed and Confused.,1
A children animation film by Disney that involves a fish is called Finding Dory.,1
Fisherman in California primarily fish for Atlantic cod.,0
"During the age of feudalism, it would be rare to converse with a Prince outside of a public toilet.",1
Actors and actresses often brush up on the knowledge of Statistics to prepare for a role.,0
The Río de la Plata provides a freshwater source to the people of Mexico.,0
Team Fortress 2 follows the original game developed by Activision.,0
Spirited Away starts a horse that were taken away from the wild.,0
Times Square lies deep in Pennsylvania.,0
Chives taste a bit like onions.,1
"When one wears Sandals, one's feet are usually visible to onlookers.",1
Eric Clapton starred in several Broadway shows.,0
A household dog is able to easily pass as a Prairie dog.,0
Spinach grows underground with no access to light.,0
Duck is an eel like slides around swampy lands.,0
We cut up the Banana and added it to the smoothie for a better taste.,1
"There are industry uses for Tennessine, such as gas byproducts.",0
The Groundhog species of marmot gives birth to live young.,1
Marco Polo explored many different places.,1
Stephen King avoids giving to charities.,0
Kimchi is a food that you can eat that uses Fermentation.,1
Purple develops from mixing yellow and blue together.,0
People can take away an opponent's tiles in a game of Scrabble to delete words from the board.,0
Cumin liquidifies food into a liquid.,0
Collagen products could easily be bought online.,1
Molecular gastronomy focuses on the molecules of the stomach.,0
Roman numerals contain the Noridc alphabet.,0
In ancient times Yellow pages were used as a directory of phone numbers.,1
People store files in a computer's Central processing unit.,0
"Stephenie Meyer attended Walden University, marrying at the age of 19 before graduating with a degree in English in 1997.",0
The Respiratory system helps muscles repair themselves when they is torn.,0
Cerebral palsy affects body movement and muscle coordination.,1
The artist 50 Cent is a businessman and successful rapper.,1
"Sea otters thrive in arid, hot climates such as deserts and mountains.",0
A Sommelier or wine steward are a person who is an expert in fine wine and is responsible for serving it to patrons.,1
Humans does not need Eyes to see.,0
James Cagney arrests law breakers in the United States of America.,0
Human Reproduction can only at the age of thirty.,0
Nobody in the united states eats Cucumber.,0
The Royal Mail began in the 18th century.,0
The most common type of employment in Hollywood is lumberjack.,0
Mark Zuckerberg created a website aimed at college students.,1
A name of a railroad tycoon is called Grey heron.,0
You cannot cook chicken without using Basil.,0
Conan O'Brien played Conan The Barbarian in the television series.,0
Herman Melville published his most famous work in the 1980s.,0
Saturday Night Live plays football as a team in the NFL.,0
Reproduction and fertility is only for plants and trees.,0
George Lucas directed the original Star Wars trilogy.,0
In Star Wars many of the heros and villians use energy swords called lightsabers.,1
Japan Airlines only flies in North America.,0
Women begin Menstruation at a certain age frame.,1
A person can find the Canary Islands in the Atlantic.,1
Cars often run on Acetylene gas.,0
The United States and Canada share all the Great Lakes except for Lake Michigan.,1
Peaches are a fruit crop originating from Asia.,1
The Mayflower sailed across the Atlantic Ocean.,1
Many people enjoy playing Sudoku to pass the time.,1
Space Invaders can raid your town and capturer people for expermintation.,0
Disney have produced many successful movies including Wreck-It Ralph.,1
A mathematician would have a hard time transitioning to being an Economist.,0
Elizabeth Taylor never won an academy award.,0
"Romeo and Juliet did not survive at the end of the play due to a vast miscommunication error, and therefore the play was a tragedy.",1
"The ships Nina, Pinta, and Santa Maria brought settlers to Jamestown, Virginia.",0
T. E. Lawrence lived until a ripe old age and died in his sleep.,0
Global Positioning System offers high security.,0
"Quartz comes in a variety of colors, including violet, lavender, blue, yellow, and red.",1
Watchmakers are fictional characters that are only seen on TV screens.,0
The Golden Gate Bridge appears yellow in color.,0
Pinky and the Brain won an Oscar award.,0
Kesha released several extremely popular songs.,1
Gone with the Wind describes something that is blown away by the wind.,0
"After you have an Eyelash on your finger, you blow and make a wish, it always comes true.",0
One may buy a bottle of water at 7-Eleven.,1
The Art dealer deals in pricey art pieces.,1
Use of E-commerce has had minimal impact on brick and mortar businesses.,0
Justice League featured many popular DC comic book superheroes like Batman and Superman.,1
One should avoid Pluto at dawn as it is crowded.,0
Many dishes in Ethiopian cuisine are vegan-friendly.,1
Waiting for Godot features a girl named Godot.,0
"When you are in Japan, don't forget to visit Mount Fuji as it is one of the best tourist attractions of Japan.",1
The Notorious B.I.G. represented East Coast Hip Hop during the 1990s.,1
Parent's take responsibility for others.,1
Orangutans are divided into two species.,1
Ocean turkey is the main ingredient in any Paella dish.,0
An Asteroid can cause great damage if it lands on Earth.,1
Wrestling makes millions of dollars every year.,1
Shame makes one feel embarrassed and humiliated.,1
Children watched Wreck-It Ralph in movie theatres.,1
"Paul Revere is known for riding his horse through London, shouting, All your base are belong to us.",0
People use Zoology to date the age of trees.,0
The typical Professor has a net worth of over ten billion dollars.,0
Disney produced Babylon 5 from 1999 to 2011.,0
Renting a boat in Alabama allows you to drive in the Gulf of Mexico.,1
"Grains of Sand eventually hatch, to reveal Sand crabs.",0
Ancient Incans drew the Delta Air Lines.,0
Leo Tolstoy emigrated to Australia in his youth and wrote his most famous works there.,0
Twin represents a pair of children or animals born at the same birth.,1
The Gospel of Matthew takes up many pages more than Moby Dick.,0
Plant morphology involves Gynoecium in the subject of botany.,1
The dominate circulating currency in Japan is the Japanese yen.,1
The Gulf of Mexico completely belongs to Mexican territory.,0
"When most people refer to the flu, they mean the Influenza virus.",1
A Ghostwriter writes songs for pop musicians.,1
"A person must purchase home Insurance for their house, or they could serve jail time.",0
PayPal accounts cost $10 to open.,0
Snoop Dogg debuted with the 1993 single Who Am I (What's My Name)?,0
The first person to be launched into space were Yuri Gagarin.,1
Primates evolved into vertebrates starting with the genus Homo.,0
South American mammal Oncilla can be found in Brazil.,1
Oprah Winfrey never took part in any pageants.,0
Little Red Riding Hood claims to be the daughter of Robin Hood.,0
Reiki could be described as one of the toughest water-sports.,0
George Lucas directed Star Wars movies.,1
Beginner fans of water sports will love Parachuting.,0
Edvard Munch painted abstract figures experiencing intense emotions.,1
Watermelon when consumed provides the human body with amino acid which helps blood flow in ones body.,1
Fictional mouse and rat show Pinky and the Brain were produced by MGM.,0
Solo involves at least two performers.,0
Patrick Moore helped fuond Greenpeace and promoted nuclear energy.,1
Nikola Tesla sent a rocket into space with the SpaceX program.,0
Alan Keyes played guitar for the Rolling Stones.,0
Giraffes attain higher speeds than any other species of cat on Earth.,0
Telephone exchange exists to allow communicate between two parties or individuals.,1
The Lobster eats by filtering large amounts of kirll through its baleen.,0
Elizabeth Taylor performed many roles in movies and on television.,1
Mark Twain spent his last days in Utah.,0
Classic novel Frankenstein is regarded as gothic fiction.,1
The Legend of Zelda: Ocarina of Time stars the Nintendo character Mario.,0
Telephone exchange equipment helps to conenct telephone lines during a call.,1
A Water buffalo can easily navigate and travel through muddy waters that many animals cannot.,1
Pink balances her career with parental duties.,1
American children's adventure film The Wizard of Oz were made by Warner Bros.,0
Japan Airlines offers transportation via railroad only.,0
All breeds of Sheep shed their wool coat once every 2 months.,0
Zebra eats primarily meat and other aniamls.,0
Cracking one's knuckles will lead to Rheumatoid arthritis.,0
The Toyota Hilux have no tires or wheels.,0
Ernest Hemingway has many works that can be found in a library.,1
Christopher Lee has acted in over 6000 movies.,0
Food poisoning can cause major irritation to the Gastrointestinal tract.,1
The language spoken by the Goths is related to English.,1
The characters of the webcomic Xkcd is typically drawn as stick figures.,1
Zoology refers to the surgical practice of fixing broken bones in humans.,0
Easy Rider suits children under age 8.,0
Lake Baikal attrcats people from other places to come and visit the area.,1
White-tailed deer give birth if they are female.,1
Jungle cat enjoy a scratch behind the ears from humans.,0
The American black bear eats bees and their hoeny.,1
One can hear Brave New World on country radio stations.,0
Short-eared dogs has the biggest wings of all the mammals.,0
One can hit the Adrenaline button to increase the speed of a super fast car.,0
"Arizona State University are located in Tempe, Arizona.",1
Those participating in Formula One competitions has to be knowledgeable in chemistry.,0
Radiocarbon dating has become a popular way to find a husband or wife on Mars.,0
Only people named Floyd wearing pink are allowed to attend Pink Floyd concerts.,0
People generally has Surgery in the hospital.,1
George Orwell participated in the creation of the Microsoft Word application.,0
Earth Day held it's first event in 1980.,0
Mos Def experienced an allergic reaction to shlel fish.,0
"Reno, Nevada became a City in 1868.",1
One mention of the prophecy of Maitreya are in the Maitreya vyākaraṇa.,0
Holi must be celebrated in Hollywood.,0
Families love touring the Galápagos Islands.,1
An Attorney at law can still make mistakes and bad judgments that hurt the truth of a case.,1
"Cloud computing foucses on linear systems in analytical geometry, a branch of mathematics.",0
Humans are born with forked Tongue s.,0
Writing in Roman numerals is much easier that English numbers.,0
Alexander Scriabin could see colors in his music.,1
Dave Winfield played baseball as a career.,1
Johnny Cash wrote the song Love Me Do.,0
Leonardo da Vinci surfed in California on occasion.,0
Many people use Rail transport in China to travel to Australia.,0
"Chives close relatives in terms of plants is onions, garlic, and shallot.",1
Larry Bird hates the sound of balls dribbling.,0
The famous battle axe Excalibur is located in the British Museam of History.,0
Yin and yang started in China.,1
"Buzz Aldrin landed on the Moon in 1969, and was among the first of select people to step foot on the Moon.",1
Missouri Botanical Garden makes people pay too much money to enter.,0
"Skull and Bones first appeared as rival antagonists in volume 3, issue 2 of Masashi Kishimoto's Naruto series.",0
Eve met Adam at Madison Square Garden.,0
Logging involves cutting and processing trees in the forest.,1
One can see inhaling Helium makes your voice sound squeeky.,1
Walt Dinsey Pictures animated Snow White and the Seven Dwarfs.,1
The Liberty Bell is one of the national symbols of the United States of America.,1
Jealousy promotes trust between a husband and wife.,0
E-commerce occurs when one buys something online.,1
A young woman plays the lead character of Pinocchio.,0
One can take Biology in both high school as well as college.,1
The Amazon River flows into Lake Victoria.,0
The leaves of Coriander taste like dish soap.,1
Superstitious people expect to have bad luck on Friday the 13th.,1
The Little Prince takes place in the United States.,0
Dodgeball relies on standing still to win the game.,0
"Seinfeld primarily features four friends -- Jerry, George, Elaine, and Kramer -- throughout their daily lives.",1
"Thomas Fairfax founded the town of Fairfax, Virginia.",0
Arthur Conan Doyle created Sherlock Holmes.,1
A baseball game are a common sporting event where a Hot dog can be served.,1
One can see Tulip growing in a grassy meadow.,1
Illuminati started in the state of America.,0
"Hunter S. Thompson wrote many articles and books as a journalist, novelist, and essayist.",1
Printing requires you to use a fingerprint.,0
One harvests an Oat from a tree.,0
It is very exciting when Othello confronts the Hobbits in the final chapter of Lord Of The Rings.,0
MS-DOS utilizes a graphical user interface (GUI).,0
Eating a Peach will kill you insatntly.,0
Mattel greatly inspires children's and family entertainment facilities in USA.,1
Bastille Day released many hits in the 2010s.,0
"Drew Carey rose to fame on his sitcom, The Drew Carey Show, and also hosted Whose Line Is It Anyway.",1
Bill Maher runs a personal finnace and business talk show.,0
Fish can be caught in an Estuary.,1
The Police became globally popular in the late 1990s and early 2000s.,0
Jack Kerouac wrote The Old Man and the Sea in the 21st Century.,0
Travelers can reach New Mexico by car from New York in one hour.,0
Holiday Inn focuses on providing a chain of motels across North America.,1
Starbucks only exists in Seattle and no other places.,0
January 1st marks New Year's Day and the first day of the year in America.,1
Avril Lavigne single Complicated were released in 2012.,0
Suzuki manufactures motorcycles and cars as well as other motor vehicles.,1
Saif Ali Khan acts and produces movies in Hindi.,1
Sloths live in the rainforests in Central and South America.,1
Blond hair is darker than brown hair.,0
Many people choose to study Biochemistry during college.,1
Public health focuses on the health of the overall general public.,1
Lewis Carroll ebmarked on the Lewis and Clark expedition.,0
Larry Bird played professional basketball for years.,1
Multiple film versions of Alice's Adventures in Wonderland have been created.,1
"Frostbite tends to start in the chest, stomach, and groin, and spreads outward to the rest of the body.",0
Asian black bear found in the USA.,0
Goofy nmaes a fictional dog in the Disney universe.,1
"A Month, measure of duration, evolved around the moon phases lasts approximately 32 days.",0
Cloud computing focuses on infrastructure of cloud storage in large internet systems.,1
A German Shepherd sleeps a lot if dehydrated.,0
Sea planes are used to pull the participant in Water skiing sport.,0
Giacomo Meyerbeer wrote music for violinists to play.,1
John Wayne released several movies that he directed himself.,1
Princess Leia lived during the stone age.,0
One reads the works of Arthur C. Clarke.,1
"Eminem, born Marshall Mathers, created numerous albums and produced even more.",1
Jack Nicklaus played the sport of golf professionally.,1
Holiday Inn provides Christmas themed lodging year round.,0
The Titanic used extensive animation to porrtay the main characters.,0
"Paramedic provide medical care in an emergency situation to individuals, and are a public health service.",1
Delta Air Lines flies from many locations in the US.,1
Bon Jovi GOT GRAMMY AWARD FOR 2006.,0
Homer wrote many different great works of his time.,1
Arturo Toscanini invented the telephone in the 21st Century.,0
Georges Cuvier demonstrated that the different strata of rock in the Paris basin each had its own mammal fauna.,1
Organic chemistry studies compounds that has to contain hydrogen.,0
Most human Eyes contain purple irises.,0
Roman numerals Numeral System for the world.,1
When you are happy for someone you are experience Jealousy.,0
Goofy starred in the movie A Goofy Movie.,1
Metroid requires good hand eye coordination.,1
Stephenie Meyer cooks at famous restaurants.,0
It is common to cut an Eyelash.,0
Pride and Prejudice written by a British novelist is a love story.,1
July 28 th occurs only once every four years.,0
A type of agricultural building used throughout the world may include a Barn.,1
No other species has a Beak.,0
Many Americans drive a Honda Accord.,1
"Obstetrics and gynecology go hand and hand, medically-speaking.",1
If you go to Cancún you will be very cold.,0
The Fax machine are making a comeback as more and more people decide to no longer use the internet.,0
"Scientists, or technicians, tend to perform DNA sequencing.",1
Johnny Carson worked as a rich oil magnate.,0
Prairie dog hunt in packs for large prey like deer.,0
"Benjamin Campbell, the namesake of Campbell, California first called it Campbell's Abode.",0
Vladimir Nabokov wrote a book in which Humbert Humbert fell in love with an old woman.,0
One can visit Tokyo Tower in Japan.,1
The Three Gorges Dam controls waterlfow in China.,1
The Toyota Corporation owns the Lexus brand.,1
Tourists travel from all over the world to visit the Sea of Galilee.,1
People never censor themselves while writing in their Diary.,0
Red hair isn't a rare hair color to have naturally.,0
The United States Air Force has an operational Moon base.,0
The Yuan dynasty ruled of East Asia.,1
Star Wars was a show about romance and comedy.,0
A Gallon of milk weighs around 8 pounds.,1
"If you visit the jungles of Indonesia, you can see Orangutan s.",1
Drummers perform music in various types of musical ensembles.,1
Jürgen Klinsmann were a long term United States men's national soccer team manager.,1
Bakers use Sodium bicarbonate in their day to day work.,1
Herman Melville wrote a book that are now considered a classic.,1
Herman Melville wrote a book in which Captain Ahab sought revenge against a white whale.,1
Immunology covers the immune system and an important part of medical and biological sciences.,1
A Lemon and an apple taste very similar.,0
The state New Mexico can be found in the Western United States.,1
A name of nintendo emulator or browser are called Yuzu.,0
Burt Reynolds never received recognition for his performances in many different movies and television shows.,0
"A Tradesman works in a specific field or trade, and are an expert in that trade.",1
The Andes Mountains pass through the country of Peru.,1
Barbie is a very popular doll that is owned by the company Mattel.,1
Avril Lavigne wrote and performed popular music songs and won several awards for her efforts.,1
A Binary star does not glow.,0
Freshly harvested vegetables is the best source for obtaining low fat Butter.,0
The number 7 is a lucky number in some countries.,1
"If a text includes the word Sic, the author will revise that text in the second edition.",0
China has adopted the Japanese yen as an official currency.,0
Rogue One expanded on key story elements in the Avengers franchise.,0
Bon Jovi ranks among the best selling American rock bands.,1
A Solo makes the performer stand out.,1
The Smithsonian Institution provides a free museum experience through a trust.,1
Scientific American has featured articles from famous historical figures such as Albert Einstein.,1
3D printing works as a means of communication between two printing companies.,0
Hayao Miyazaki creates imaginitive and emotional animated films.,1
Buddy Holly competed in the all around men's basketball final in the year 2016.,0
"When peanut butter and raisins is put on Celery, this is called ants on a log.",1
Some people sweeten their tea with Honey.,1
Medicinal Plant Rosemary needs little water to grow.,1
Led Zeppelin ended in the year 2000.,0
It is required that a person be taller than five feet in order to become a Cartoonist.,0
Hunger provides motivation for getting tasks done.,1
A vital visual sensory organ is the Eye.,1
Sun Microsystems operates in the nonprofit sector.,0
A Spanish author wrote The Little Prince.,0
Vitamin C can be found in many types of Citrus fruits.,1
Marcel Duchamp performed with the Red Hot Chili Peppers.,0
"Reno, Nevada has all legal rights over its residents.",0
"Silverfish comprises species of small, primitive, wingless insect in the order Zygentoma.",1
Post Malone became a American hip hop singer.,1
HTC has made many guitars over the years.,0
Argon has to be extracted by heating water and nitrogen.,0
Philosophy of mind students practice metaphysics and attempt to both understand and analyze metaphysical reasoning.,1
An Electrician wroks on electrical impulses in the brain.,0
Alan Alda have roots in East Asia.,0
Publishers translated The Little Prince into many different languages.,1
Jane Austen wrote books while women authors was uncommon.,1
Right in the middle of Antarctica lies the Great Lakes.,0
"The fictional character, Goofy, most closely resembles an Irish wolfhound.",0
Hair can not be dyed Blond.,0
Rhinoceros ate plants and veggies and trees.,1
A Transformer can blow out during a powerful storm.,1
Gastrointestinal tract exists inside the human body and deals with digestion and bowel movements.,1
Stephenie Meyer played quarterback for the super bowl 55 champion Tampa Bay Buccaneers.,0
Shakespeare's play Romeo and Juliet tells the tale of two star-crossed lovers.,1
John Muir studied about the life of nature.,1
Billy Ray Cyrus passed away in a car crash in 2013.,0
"You have to go through the caves on Mars to get to Gainesville, Florida.",0
Richard III details the dramatic story of the creation of Poor Richard's Almanac.,0
The Measles harms people who have not been vaccinated.,1
The Powerpuff Girls story is based on real events.,0
The bone between the shoulder blades and spine is called the Pelvis.,0
Arthur Conan Doyle grew up in Germany.,0
"Capital describes anything with legal tender value, like money.",1
Jackson Pollock came into this world in Wyoming.,1
"Katie Holmes joins her brother, Sherlock Holmes, on many fictional adventures.",0
A Ghostwriter relinquishes credit for the work to someone else.,1
Tom Cruise starred in the movie Titanic.,0
Peppermint undoubtedly and completely cures common headaches and nausea.,0
Wiz Khalifa followed through with a decision to get surgery to make himself white.,0
"Laramie, Wyoming work with the BNSF Railway.",0
German Shepherds can only speak German.,0
Jeb Bush speaks Swedish fulently and flawlessly.,0
"The music artist Pink stated that she was born in Wheeling, West Virginia.",0
"The Laozi Corporation offers a wide variety of pet-based products, such as food and leashes.",0
Brooklyn sits inside of New York City.,1
The Curator gave a perfect audio-visual presentation.,1
The Porsche 911 arrives at the scene of emergencies faster than police or ambulances.,0
Statistic refers to a numerical figure or data set used to find trends.,1
Banksia grows as either trees or woody shrubs.,1
IOS acts as the primary operating system for Apple products.,1
You can find Budai in the mountains of Appalachia.,0
"George Orwell wrote the book, Animal Farm.",1
People wear Sandals on their heads.,0
Sammy Sosa disagreed with the use of steroids.,0
Steely Dan has released several albums.,1
"Jungle cat live in dense, forested areas.",1
Stephenie Meyer wrote many science fiction pieces from Arizona.,1
Neil Diamond wrote a song about Holiday Inn.,1
Transformers perform essential transfers that keep houses and buildings supplied with power.,1
Jackson Pollock mainly panited realistic pictures of fish.,0
Linux started being used in Japan.,0
Harbor seals can live in fresh or saltwater.,1
The Qin dynasty rose to prominence during the late 17th century AD.,0
Matthew Broderick loevs to rob convenience stores.,0
Plumbing requires extensive knowledge and training in the field to understand what part isn't working and how to fix it.,1
Aamir Khan acted in many holly wood movies.,0
John James Audubon devoted his life to documetning American birds.,1
Grand Theft Auto III follows a popular series of video games.,1
Monarch butterfly common around the world.,0
Pink released a single called Just Give Me A Reason.,1
Microsoft Office describes a gaming system build by Microsoft in the earl 1990s.,0
"Birds specialize in different foods, and Beak shape is a large clue in dietary choices of birds.",1
Coca originated in the conutry of Peru.,1
A Haiku appears as one line in English.,0
Orangutans live in the southern part of India.,0
Stanford University generates a small amount of wealth from its operations.,0
An Umpire can be seen in televised football games.,0
"There is book, ebook, and audiobook versions available of The Hitchhiker's Guide to the Galaxy.",1
Jimmy Buffet founded the Holiday Inn.,0
People across the world listen to Music.,1
"Old, moldy Flour has been know to give a small percentage of people super powers.",0
An art show recently featured Landscape photography as a category for photo entries.,1
People who study Obstetrics is necessarily experts in horse pregnancies.,0
Ubuntu created Apple Computer company's Mac OS.,0
The Chinese language no longer uses Chinese characters as part of its writing system.,0
The Mars Exploration Rover barks all night and keeps Elon Musk's neighbors up.,0
Lionel Richie used a saxaphone when recording music before.,1
Casio deals primarily in manufacturing electronics.,1
Many non-Spaniards view Paella as Italy's national dish.,0
Kesha sings a lot of popular country songs.,0
Monday comes right before Tuesday and Wednesday.,1
Tulip flowers bloom in a wide variety of colors including pure blue.,0
Pound sterling currency created in Amreica.,0
Parachuting could be the safest activity to go do with your family.,0
Teenage mutant ninja turtles toys is made by Mattel.,0
WYSIWYG implies a user interface that allows the user to view something very similar to the end result.,1
The English form of the Haiku uses 24 syllables.,0
A Shinto shrine is a building built to house one or more kami.,1
The Transformer plays an important role in the functioning of the electric grid.,1
The Book of Proverbs teaches lessons on grammar such as parts of speech.,0
Noise causes damage if the decibels is too high.,1
Gazing at the sun can improve your Eye sight.,0
Hunting in the woods for food helps people to get food and survive.,1
Johnny Carson born in the state of Iowa.,1
Atlantic salmon mate in the ocean.,1
The Gospel of Matthew appears earlier in the New Testament than the other Gospels.,1
"In Star Wars episode VI, Darth Vader tells Luke he is his father.",0
Many Mexicans celebrate Cinco de Mayo.,1
Johnny Cash lived in Arkansas as a baby.,1
"A French-speaking island, French Polynesia is a favorite place to visit.",1
Bill Murray has never lent his voice to any animated characters.,0
Protecting lives is one of the Firefighter's principle.,1
Hypothermia commonly occurs in the summer season.,0
One may find that the Small intestine is located in the abdomen area.,1
Sloths run swiftly when faced with a predator.,0
"White blood cell responsible for hurting you when you are healthy, causing illness.",0
Biology helps to describe the study engines in motor vehicles.,0
The Colbert Report are an English-Language television Program.,1
You can add Rosemary to any dish.,1
John Wooden leads NCAA basketball all time in wins as a coach.,0
Black pepper makes children speak in Latin and run up walls.,0
Felicity Huffman acts and is a winner of the Golden Globe awards.,1
Aretha Franklin flew the first plane in 1918.,0
American citizens are entitled to have a trial and be judged by a Jury of their peers.,1
The Small intestine is responsible for producing insulin.,0
All foods that have gone through Fermentation are dangerous to eat.,0
Solomon R. Guggenheim Museum welcomes many visitors to Pittsburgh every year.,0
Leonardo da Vinci painted and sculpted a lot throughout his life.,1
Pickled cucumber are served in a variety of dishes.,1
"Pantera only plyas instrumental songs, no vocals.",0
"Guillotine executes people by cutting off their head, and was used in France mostly.",1
Führer means to swim in Italian.,0
Intelligence quotient does describe your knowledge.,0
The modern day sport of Wrestling have no connection to ancient sports.,0
"Eric Clapton cooks for many celebrities, because he is a famous chef.",0
Anarcho-punk music usually features politically charged lyrics.,1
Obstetrics studies how the brain processes and reacts to trauma.,0
The Petroleum industry includes fields such as space travel and cow farmnig.,0
There are no longer Emperors in todays time.,0
Pigs live on farms and in other rural and remote areas.,1
Transport involves moving goods from one place to another.,1
Fictional mouse and rat show Pinky and the Brain was produced by Warner Bros.,1
The Academy Awards nominated Sigourney Weaver for her role in Aliens in the 1980s.,1
"Oakland County, Michigan contains the Chrysler headquarters.",1
"A body was found that contained a heel bone with a cross driven through it, indicating a Crucifixion had taken place to the given subject.",0
Romeo and Juliet as time went on were adapted into several media formats.,1
"Despite a long career acting in film, Mark Hamill has never done voice acting for any cartoons.",0
Influenza can cause fevers and muscle aches.,1
Pythagoras lives in the United States today.,0
Your Eye is just a complicated lense that takes in light and sends it to the brian.,1
One would be sprayed in the face with the product during Hairspray.,0
One can find Sarah Jessica Parker on the show Sex in the City.,1
Pecans did not originate from the southern regions of the United States and have not become a very popular cuisine. These fruits are noted harvested in Mexico.,0
Guildford lies 28 miles southwest of London on the A3 trunk road between the cpaital and Portsmouth.,1
The Renaissance occurred roughly fifty years before the Fall of the Roman Empire.,0
Atlantic cod poison their predators when eaten.,0
To get to the Paris Opera people can take the metro.,1
A plucked Banana can be eaten years later without adverse effect.,0
"Trapped in the past, Marty inadvertently prevents his future parents' meeting—threatening his very existence—and is forced to reconcile the pair and somehow get Back to the Future.",1
One who practices Ballet loses leg muscles.,0
A type of holarctic bird is the Golden eagle.,1
The Bay of Bengal borders the country of India.,1
The Artillery are a firework that amusement parks use for show.,0
Orangutans are primates native to Indonesia.,1
"The top 3 populations in North Carolina are Greensboro, North Carolina Charlotte, North Carolina and Religh, North Carolina but not in any particular order.",1
People listened to or performed Music even in ancient times.,1
The Peach belongs to a group of seedless fruit.,0
"Campbell, California houses the Pruneyard Shopping Center.",1
Jackie Chan performs many of his own stutns.,1
A danish physicist named Niels Bohr has many accomplishments.,1
We ran into the Jamaican restaurant to experience Chinese culture.,0
Isaac Newton discovered gravity when he was still alive.,1
"As highly regarded as Roman Polanski was, he has never actually won an award.",0
Vomiting causes other issues like headaches.,0
A company that creates fake stories is called a Myth.,0
People in Greece use the Greek alphabet to write.,1
"If you are looking for luxury motor vehicles, you can find many at the Lexus dealership.",1
One can read about The World's Billionaires in Sports Illustrated.,0
Artists creating Street art has to work quickly.,1
"When a person experiences a Fantasy, they are dreaming in the day time, and seeing what is happening in their mind's eye.",0
One can listen to Tony Bennett on music streaming services.,1
"Most seasons of MythBusters premiered in the 1990, and the final episode was in 2002.",0
People who suffer from Dementia are generally not young.,1
"Librarians specifically work only with books, and do not help with the internet or other information sources.",0
Sports medicine helps ensure that athletes can compete effectively for a longer period of time.,1
"Gastrointestinal tract daels with your synapses in the human brain, and neurotransmitters to send messages.",0
"When one rubs a Peach, it feels soft.",1
The Rocky Horror Picture Show came out in 1975.,0
Roger Moore satrred in several movies in which he portrayed the character James Bond.,1
"In living fossils Moss may be found, and are Carboniferous in appearance.",1
Frank Zappa released a series of songs and albmus.,1
Mothers do not have any children.,0
Harry palms and blindness is one of the main side effects of Bupropion.,0
Art always increases in value and are always valuable.,0
DC Comics and WarnerMedia Brand has produced several hit movies including Wonder Woman And Man Of Steel.,1
Hummingbirds produce Honey to help them survive the winter months.,0
One can find Lemon in the produce section of a grocery store.,1
System administrators have no power over a network.,0
Miami Vice followed the story of cops in Miami.,1
Fermentation needs to be avoided when making pasta.,0
The Hagia Sophia happens to be one of the most popular tourist attractions in Turkey.,1
Gorillaz most known song is Feel Good Inc.,1
Guillotine kills humans by poisoning them with lead.,0
"A significant portion of Tony Bennett celebrity derives from his signature song, I Love New York.",0
Giraffes live in New York City.,0
Cosmic microwave background allowed humans to better understand the universe.,1
The country of Mayotte uses the dollar as its currency.,0
"Watching the Jack Black round, I were rooting for the dealer because I didn't like the players' attitudes.",0
The first superhero movie to make over $1 billion dollars at the box office were Iron Man.,0
"The Tragedy, a literary and dramatic genre, was made popular by the Greeks.",1
The African leopard coat varies widely in color.,1
It are more efficient to go Snowboarding in the desert.,0
A person with the title of Admiral has a lot of responsibility.,1
Purple is a bright color that resembles pink.,0
Lamborghini manufactures sports cars and also manufacture racing cars engines.,1
Santa Claus e is a real person who brings children gifts on Christmas.,0
Howard Hughes founded Disneyland in 1955.,0
In the film Finding Dory the characters of Finding Nemo refocus from Nemo to Dory's personal backstory and family.,1
A Backing vocalist provides vocal harmony when lead vocalist are singing.,1
Great Depression opened up many job opportunities around the world.,0
You can see premiere league games at the Stadium of Light.,1
One can find the address and phone nmuber of a person in the Yellow pages.,0
Ageing describes an individual getting younger.,0
7-Eleven franchises operate out of several countries.,1
Experiencing Hair loss is great for your appearance.,0
"Beavers build dams and lodges using tree branches, vegetation, rocks and mud and they chew down trees for building material.",1
Jackie Stewart actually invented sports broadcasting.,0
December 24th is the day Christmas Eve is celebrated.,1
Stephen King wrote many science fiction novels.,1
Some Nobel Prize in Literature awards has been given to people who promote peace but cannot write or read.,0
I used the leftover Citrus juice to help my eye feel better.,0
7-Eleven operates convenience stores and gas stations in United States.,1
The first formula that have ever been used to propel a car's engine is Formula One.,0
Nobody can change their black hair to Red hair.,0
Bumblebees is helpful in flower gardens.,1
Disneyland Paris attracts tourists from around the world.,1
Stephen King has written a large number of horror novels.,1
Daniel Radcliffe started his career as a child.,1
Jason Mraz sang the song I'm Yours.,1
"Zoology refers to the study of animals, and is a branch of biology.",1
Thorax IS THE REGION BETWEEN THE ABDOMEN INFERIORLY AND ROOT OF NECK SUPERIORLY. Thorax IS ALSO CALLED CHEST AND CONTAINS MAIN ORGANS OF RESPIRATION AND CIRCULATION.,1
Ballet will never be performed outside of Yemen.,0
Starbucks serves multi-course meals and is considered fine dining.,0
"Almost everybody in Detroit, Michigan has swam the entire East China Sea at least twice.",0
A man tries to get back home in the Greek epic poem The Odyssey.,1
Pizza can be seasoned with Basil.,1
Johnny Carson appeared in talk show episodes.,1
Germanic people that lived in Romania in the Early Ages were called The Goths.,1
Hurricane Maria destroyed parts of Antarctica.,0
"Many children are so excited, they find it hard to fall asleep on Christmas Eve.",1
The Sea otter exhibited the ability to talk on occasion.,0
Marquis de Sade wrote in French.,1
Pilgirms comprised the majority of passengers upon the Mayflower in 1620.,1
"Popular with creative firms and dotted with smart apartment blocks in converted warehouses, Clerkenwell are home to cutting-edge restaurants and cosy gastropubs, plus historic pubs, sleek bars, and nightclubs.",1
John D. Rockefeller lived in the Northeast.,1
Lord Voldemort held several castles in England during the 16th and 17th centuries.,0
Tim Curry plays the main role on The Rocky Horror Picture Show.,1
Casablanca serves as the name of a location for one of the most popular films of the 20th Century.,1
Sun Microsystems lost more money in the dot-com bubble and share prices went down drastically.,0
George Orwell wrote many different things.,1
Johnny Carson made people laugh a lot.,1
International May Day is a celebrated holiday in many parts of the world.,1
John Wayne ruled over Great Britain in the early 1800's.,0
"The iris in a human's Eye can come in a variety of colors, such as blue, borwn, and green.",1
Calvin and Hobbes comics started last year.,0
"When you visit Preston, Lancashire you is visiting a town established in the 2nd millennium.",0
"Boron exists as a chemical element and pyrotechnic fuel, as well as other scientific applications.",1
People usually give the name Michael to their female offspring.,0
Many children play Dodgeball during PE in school.,1
"For anyone that is a Newbie to gaming history, video game culture originated in the late 50's with Pong becoming available for people to play.",0
Jürgen Klinsmann played quarterback on the various teams he played on.,0
Ducks are waterfowl; they spend at least some of their time in or near the water.,1
Charles Perrault wrote the fairy tale Little Red Riding Hood.,1
Insulin is used to control the symptoms of Epilepsy.,0
The Human leg allows people to walk.,1
Ariana Grande married Lewis Capaldi in Montecito.,0
Chrysler is an automotive manufactuer that released many family vehicles.,1
The Wizard of Oz filmed no scenes involving witches.,0
Eric Clapton released several albums over decades.,1
Will Ferrell has returned to earth after a successful lunar landing.,0
HTC mkaes the best mattress for its consumers.,0
"George Orwell made 1 book, 1984.",0
In Scrabble one picks letters from a bag.,1
Jeb Bush owns a nationwide lawn trimming company.,0
Skittles cause Rainbows in the sky.,0
One can hold a Banana with a snigle hand.,1
"The USS Missouri existed at Pearl Harbor in Honolulu, HI.",1
The Petroleum industry creates job opportunities.,1
The Edo period took palce between 2003-2004.,0
Infants can decide to become independent if they choose to.,0
Richard III tells the story of a historical figure.,1
People visit Adobe Photoshop to purchase film for their cameras.,0
Spider-Man: Homecoming made the top ten list of highest-grossing films of 2017.,1
Bon Jovi Have RELEASED 15 STUDIO ALBUMS.,1
Fishermen aovid harming the Mediterranean monk seal.,1
"Kesha worked as an American singer, songwriter, rapper and actress.",1
The Black-tailed prairie dog flies in the air like a bird.,0
Earthworms provide the human body with immune boost when consumed.,0
People take NJ Transit to get to Washington DC.,0
Matthew Broderick appears in the movie Wargames.,1
Homo sapiens walk upright and generally have the capacity to reason and use tools.,1
The Seahawks emerged victorious in Super Bowl XL.,0
Who Framed Roger Rabbit imagines a scenario where a programmer is sent into his own video game.,0
Elf exists among us in present day and are still very magical.,0
Jane Austen perceived as a famous actor in Britain in the 17th century.,0
Studio Ghibli served as a famous progressive rock studio in the 1960s.,0
One can find the history of Ivan the Terrible in the Museum of US History.,0
Aloe vera palnts can be used to treat sunburns.,1
A Monarchy can have a king or queen.,1
The Amazon rainforest has animal species we haven't discovered yet.,1
The Hulk sometimes Hulks to his green state without having time to change his clothes.,1
The city of Edo were located in the US.,0
Audrey Hepburn received some of the first awards as a female actress.,1
The Great Lakes contain fresh water.,1
I did not clean the water off the ground due to Evaporation.,1
Women's accomplishment in the field of science is seen in the film Wonder Woman.,0
George Orwell wrote the popular dystopian novel Nineteen Eighty-Four: A Novel.,1
Birdwatching does provide a hobby for some interested people.,1
I turned the Boron on and played the music louder.,0
The Mood disorder caused my little brother to get extremely angry out of nowhere.,1
Waiting for Godot features themes related to existential crisis.,1
The Persian Gulf borders Iran and Saudi Arabia.,1
Jealousy threatens the fabric of good relationships whenever it is present.,1
Formula One racing allows sprint cars to run races with them.,0
Vladimir Nabokov wrote a book featuring the character Humbert Humbert.,1
There has been many film versions of the Pinocchio story.,1
The Kanagawa Prefecture operating under strict curfew.,0
Barenaked Ladies enjoy sunbathing as part of a club.,0
Sometimes a Jury can be wrong.,1
Spain founded New France in the eigtheenth century.,0
Effective use of space is not very important in Interior design.,0
John Lennon produced a son named Julian with Yoko Ono.,0
Adobe Photoshop measures the body temperature of a person using electro-magnetic waves.,0
Lionel Richie plays jazz music in his concerts.,1
Zebras are running wild throughout the southern Africa.,1
Alec Guinness portrayed the character Obi-Wan Kenobi in the Star Wars trilogy.,1
That '70s Show aired on FOX network.,1
Adobe Photoshop has never been released but is expected to be completed sometime this year.,0
Daniel Radcliffe graduated from Oxford University.,0
Many Wall Street traders over the years have used Thomson Reuters ' services.,1
The Gotham main character are Commissioner Gordon.,1
Felicity Huffman competes in Olympic sports as a tri-athlete.,0
Telecommunication allows people to teleport to new locations.,0
Narrative helps one explain a subject using a true or a fictional imagination.,1
Sally Ride tragically lost her life in an automobile accident.,0
I looked up in the sky and jumped so i could grab the planet Pluto.,0
You should wear shoes if you are going hiking on the Pacific Crest Trail.,1
Aerosmith broke up and are no longer active today.,0
"One of the most popular modern anime series, Inuyasha enjoys popularity in both the US and Japan.",1
"Tacoma, Washington is the capital city of the state of Washington.",0
Cumin helps food cultivate a unique taste and serves as a spice ingredient in cooking.,1
Chinese Junk are designed to sail on rivers or on the ocean.,1
Depeche Mode has many country music hits.,0
Valve Corporation developed Team Fortress 2.,1
E-commerce prohibits companies like Amazon from making any money.,0
Katie Holmes played Wonder Woman in the DC Extended Universe.,0
Wrigley Field became the last major league ballpark to have lights installed for night games.,1
Writers create Fantasy stories based on real facts.,0
Princess Leia featured on a episode of Star Trek.,0
Eve refers to the garden Adam lived in.,0
Parents take responsibility for their children's actions until they is considered adults.,1
One can find that the Bengal cat are a domestic-wild hybrid cat.,1
Oat serves as food for both humans and animals.,1
The main characters of Calvin and Hobbes use their imagination to create adventures.,1
Sonic the Hedgehog runs quickly while collecting rings.,1
United States Marine Band performs for the civilians on the every Friday evening.,0
Most people consider Atlantic cod as a type of marine edible fish.,1
Lotus Cars cost more than a Honda Civic.,1
Referees officiate at all kinds of different sporting events.,1
Moss tends to grow on rocks.,1
Atlantic salmon die when exposed to salt water.,0
A Fairy can easily climb a sksycraper.,0
Mick Foley appeared many times in Boy Meets World.,0
Dodgeball attracts many fans during the Summer Olympics.,0
It are normal to make Hamburgers out of ham.,0
Pancakes can be topepd with many toppings.,1
Herds of Rhinoceros can be found grazing in Iran.,0
Moscovium describes a synthetic chemical element created in a lab setting.,1
Dopamine allows the human body to feel pleasure.,1
"This animal, the African leopard is very dangerous to approach.",1
The Great Lakes was created by engineers in the 1800's to provide irrigation to midwest farmers.,0
Christopher Coloumbus was the first person to discover Miami and all of North America.,0
Tony Bennett celebrtaed his high school graduation last year.,0
Surgery prevents household termites from destroying homes.,0
A unique method to bake bread are called the Fermi paradox.,0
Lea Michele starred in the TV Show Glee.,1
Disney has produced many successful movies but this does not include Wreck-It Ralph.,0
The Cure helps patients recover from infection.,0
Cerebrospinal fluid acts as an essential enzyme in the digestive system and aids in the breakdown of carbohydrates.,0
The Puppeteer Jim Henson created some of television's most beloved characters.,1
A Manta ray climbed mount Everest.,0
American kindergartens teach the History of Pakistan.,0
Mario from the Games Super Mario were first featured in the arcade game Donkey Kong.,1
By paying Insurance I am protecting myself.,1
Now Anarcho-punk songs can be play in spotify.,1
Utilitarianism seeks to answer the question of which actions are best for society at large.,1
Holiday Inn doesn't provide maid service.,0
Katy Perry sings a song called California Gurls.,1
Pulmonary embolisms send many people to the hsopital.,1
Mark Hamill famously portrayed Luke Skywalker in the Star Wars films.,1
"The Lost Colony struck ground in Jamestown, Virginia in 1585.",0
The Toyota Hilux sells as a luxury sports car.,0
Okra into a rainbow color when you give it enough sun shine.,0
The Power Rangers shows feature four mutated turtles who live in the sewers of New York City.,0
Charles Darwin an America actor who were featured in The Little Minister.,0
One can see that Spinach is a leaf vegetable.,1
Broker bridges the gap between the buyer and the seller.,1
Guillermo del Toro has made many romantic movies.,0
People with Crohn's disease are very careful about their diet.,1
"The Wizard of Oz features a young girl, Dorothy, and her dog, Toto.",1
Charles Darwin visited the Galápagos Islands which helped him to devise his theory of Evolution.,1
People use Longitude lines to find how far east or west a place are.,1
Iron Man takes place within the Marvel Universe.,1
Controlling Fermentation temperature ensures that brewed beer will be high in quality.,1
Wheat does not have any by-products and the major part of Wheat protein is called Glucose.,0
A Jury is automatically selected; if you get summoned for Jury duty you will have to serve.,0
Jellyfish can sometimes sting unwary beach goers.,1
Peaches originally grew on trees native to Asia.,1
Pride and Prejudice started first as a movie.,0
The Thorax supports the head and neck.,1
Pound sterling currency created in England.,1
Marvin Hamlisch do not enjoy musical plays.,0
Vitamin C comes primarily from meat.,0
Charles Ives composed Classical American Music.,1
The musical West Side Story is a modern adaptation of the Shakespeare play Macbeth.,0
The players of National Hockey League has to be very good at ice skating.,1
Christopher Columbus visited several islands in the Caribbean in the 15th Century.,1
The Chinese New Year sometimes also called the Spring Festival Or Lunar New Year.,1
The African leopard belongs in the Elephantidae family.,0
Friday the 13th often gets associated with bad luck and horror.,1
"If one visits McDonald's, one's hands could become greasy.",1
"League of Legends allows playing with other people, a great MOBA.",1
Model portrays a attractive person to the media.,1
France produced the Nickelodeon show Winx Club.,0
The first hit by the Beatles was called Laziness : I haz it.,0
"The biggest city in the world is undoubtedly Olympia, Washington.",0
"The Mars Exploration Rover last communicated with Earth on June 10, 2018, as a planet-wide dust storm blanketed the solar-powered rover's location on Mars.",1
Alan Greenspan authored several books as a writer.,1
Helium is known to swim at high speeds often shadowing the speeds of dolphins.,0
A city that's existence is highly disputed is Troy.,1
A simple Fishing rod can be used to catch many types of fish.,1
Elton John sang many popular hits over the years.,1
Clark Gable starred in mjaor motion pictures.,1
Ballet does not promote health and well-being.,0
Katy Perry recorded several hit songs.,1
A Biologist studied biology in college.,1
Bonanza followed the adventures of three women in the west whose father was the sheriff of the town.,0
Alec Guinness acted in the science fiction film Star Wars.,1
The members of Pink Floyd were born in the USA.,0
"Poul Anderson died of heart attack on August 31, 2001, after a week in the hospital.",0
Folk music often features lyrics about traditional stories.,1
Laura Bush encourages reading and literacy.,1
A Mathematician is not able to count to ten.,0
Hello is an English greeting word and phrase.,1
High tides makes Bay of Fundy famous.,1
We installed some Hydraulics on my car so it could put me higher in the air.,1
"The History of China consists of the home of one of the most vast walls in the world, The Great Wall of China.",1
Elementary arithmetic operations can use Addition.,1
3D printing can generate a solid object from a mere photo as input.,0
All species of Megabats can fly.,1
Nikola Tesla discovered many electrical inventions.,1
Use Roman numerals to label or order things.,1
"When September passes, it immediately becomes the month of August.",0
Gallon's measure aspects of time.,0
People employed Marlon Brando as a film star.,1
A five star michelin restuarant are called the Guillotine.,0
The Mentalist can prescribe prescriptions to patients.,0
Bluetooth hepls people tie their shoes.,0
Studio Ghibli creates works in the Anime genre.`.,1
The famous American TV show ER starred Doctor Who and his companions.,0
A Goat produces milk and this can be made into cheese.,1
A Ghostwriter focuses on writing stories about ghosts.,0
System administrators have great power over a network.,1
"The band Lynyrd Skynyrd formed up in Beijing, China.",0
The Matrix models the story off of real-life events.,0
"The largest seaport on the Pacific Coast are on the shore of Akron, Ohio.",0
Richard Dawkins spent most of his life in Great Britain.,1
You can prevent Measles by vaccination.,1
Studio Ghibli output work that could be heard on the radio.,0
Martha Stewart designed prison tattoos while incarcerated.,0
T-Pain released a single called Bartender.,1
the General Post Office deliver mail to people home.,1
The Groundhog enjoys it's own special holiday.,1
Female warriors make up the matriarchal society of the Amazons tribe in Greek Mythology.,1
Celery belongs in the category of fruit.,0
O. J. Simpson published a book called Becoming Me.,0
"When United States Numbered Highway System was built, it was done so in a way that it creates the binary code for the number 666 if seen from space.",0
The shurbs of the Azalea are capable of flowering on their own.,1
Firefighters respond to emergency calls to help put out fires.,1
Tuberculosis results in an enhanced ability to run long distances and perform feats of abnormal physical strength.,0
Greyhounds is a train company that transports passengers.,0
Jack Black plays the the role of an astronaut in one of his movies.,0
Led Zeppelin performs in an airrcaft.,0
Slot machines are illegal in Nevada.,0
Birch teres make good bonsai plants.,1
You can eat lot of Cucumbers and still don't burn your wallet.,1
One can observe Electrons using a telescope.,0
One of the noble gas and chemical element is called Argon.,1
The Sternum which is known as a flat bone protects your kidneys.,0
The study of asteroids is called Meteorology.,0
D. H. Lawrence wrote poems in Japanese.,0
Telescope refers to the instrument that is used to look underground at the tectonic plates.,0
Gallon is less than a cup's worth.,0
Earth science studies ecological systems an life on planet Earth.,1
The Estonian language can solely be found in the country of Estonia.,0
The Perioidc Table of the Elements lists Argon as a Noble Gas.,1
Zoologists placed Water buffalo in the category of invertebrates until the twentieth century.,0
A German man founded Suzuki in his spare time during college.,0
Nicobar Islands is the only island present in the Bay of Bengal.,0
The Pound sterling can be abbreviated as GBP.,1
Lake Baikal creates the coldest temperatures in all the lakes.,0
The Circulatory system uses our lungs to breathe.,0
The most common way to eat a Hot dog is with a fork and knife.,0
Fault has the potential to produce large and destructive quakes.,1
Trigonometry deduces relationships between side lengths and angles of triangles.,1
"Lauryn Hill's 1998 album, The Miseducation of Lauryn Hill received low marks from music critics.",0
The Great Wall of China protected people of Australia from unwanted invaders.,0
The Umpire works for the home team.,0
Johnny Cash played the Tuba in a band.,0
"Katie Holmes married Tom Cruise, now divorced.",1
We read in a book that Pluto was the smallest planet in our solar system.,1
Police arrested Jackie Chan in 2022 for tax evasion.,0
Satellite operators esteem The Hitchhiker's Guide to the Galaxy as the foremost repair manual.,0
The author J.R.R. Tolkien wrote The Hobbit.,1
Goofy stars as a sadistic murderer in the Disney core universe.,0
Pinky and the Brain attempted to take over the world many times.,1
The Super Nintendo Entertainment System evolved from other gaming systems.,1
A Guitarist has strummed strings before.,1
A Transformer can turn into a robot or a vehicle.,0
All cultures view Santa Claus the same and tell the same stories about him.,0
Leadership plays an important role in effectively running a company.,1
Atlantic cod lives in the Atlantic ocean.,1
"It is legal to steal in Chiyoda, Tokyo.",0
Harry Potter and the Philosopher's Stone was written by C.S. Lewis.,0
Fireworks are usually held on New Year's Eve.,1
Trade happens nowadays only in the financial market.,0
Robin Williams performed as a member of the pop group The BeeGees.,0
Poultry farming provides chicken meat to customers and a source of income to the Poultry farmers.,1
"Larry Bird worked as an American former professional basketball player, coach and executive in the National Basketball Association.",1
The magical ingrediant called Flour are what makes dough rise.,0
Daniel Defoe wrote Alcie in Wonderland in 1921.,0
Loudspeakers project music or other audio.,1
New Mexico boasts a South Western United States climate.,1
Golden eagle roam the Mexican countryside.,1
Osama bin Laden advocates the American dream.,0
Participants in Rhythmic gymnastics must play the guitar while performing their routine.,0
Hayao Miyazaki created some of the looney tunes characters.,0
"Gainesville, Florida hosts the campus of the University of Florida.",1
Cerebral palsy mainly occurs in elderly people.,0
The Outer Hebrides and Sierra Leone share a coastline.,0
Cystic fibrosis exists as an easy disorder to overcome.,0
The first Holiday Inn location resides in Tennessee.,1
Nikola Tesla invented the technology known as the Tesla coil.,1
The people of Greater Manchester mostly speak Bahasa.,0
A favorite street clothing brand is called Dutch East Indies.,0
A reowned chef in Japan is Hayao Miyazaki.,0
Aamir Khan perfomed as a leading role in Qayamat se qayamat tak.,1
Chuck Norris appeared in the film Karate Kid.,0
Firefighters are supernatural entities of vast power.,0
Hamburgers are a popular dish in the USA.,1
Australian rules football uses an American football.,0
You can see a basbeall game at Wrigley Field.,1
"One Thousand and One Nights adds immeasurably to the shared culture of the world, providing people in the Middle East, Europe, and other places with a common set of stories and symbols.",1
"Jamestown, Virginia was the first permanent English settlement in the Americas.",1
Ernest Hemingway wrote the popular song Ring of Fire.,0
Software developers who to freely distribute their software use Copyleft to protcet those rights.,1
Christopher Columbus traveled to America using a steamship.,0
Deportivo La Coruna are a soccer team that plays in A Coruña.,1
Some of the Nobel Prize in Literature in the past have been given to authors.,1
One can play with Sand at the beach.,1
I attended a Pink Floyd contest on the moon.,0
Ulysses describes the name of a novel about an odyssey into the unknown seas.,0
Ohio contains the Chrysler headquarters today.,0
Canada's flag have a maple Leaf.,1
The Detroit River flows between the US and Canada.,1
The euro replaced the Egyptian pound.,0
The Winter's Tale has a famous unhappy ending.,0
The Groundhog turned around and saw its shadow as everoyne applauded.,1
"Timbaland sells boots, shoes, and clothing items.",0
Wendy's serves fast go for people to eat on the go.,1
Lamborghini manufactures jet engines and is based in Africa.,0
Giacomo Meyerbeer body were buried in Austria.,0
"When in the Atlantic ocean, people eat Atlantic cod.",0
General surgery requires that the patient be under anesthesia.,1
Ohio University started in the town of LA.,0
Narcissism affects half of all people.,0
"On average, American black bear outweigh polar bears and grizzly bears, and is considered the largest bear species.",0
Friday the 13th never occurs in the month of May.,0
Monks accept woman into their ranks as members called squires.,0
"Bumblebees pollinate crops and wildflowers,and as such is important to humans.",1
Cartoonists draw many of their works by hand.,1
Guitar Hero if found for sale at flea markets.,1
A popular wrestler in the WWF is named Big Ben.,0
The film Star Wars is a series of fantasy films also adopted into current comic books.,1
A Jury typically contains 20 members.,0
The PlayStation 3 delivers entertainment for some people.,1
Peolpe can dice and fry Sweet potato to make Sweet potato fries.,1
Kesha released several albums over her career.,1
"The Powerpuff Girls show centers on Blossom, Bubbles, and Buttercup and was created by Craig McCracken.",1
The works of Samuel Taylor Coleridge was translated to English from his native language.,0
Citizens of the United States enjoy the Music of a dog.,0
Most people in the world is using the Greek alphabet when they write.,0
Ben Kingsley played Ian Malcolm in Jurassic Park.,0
An algorithmic bot are named Reggaeton.,0
Air France exists as a flag carrier of France headquartered in Tremblay-en-France.,1
Arthur Miller wrote the play Death of a Salesman.,1
"Back to the Future has grown in esteem and are now considered to be among the greatest films of the 1980s, one of the best science-fiction films ever made, and one of the greatest films of all time.",0
"John D. Rockefeller began his life in Mount Pleasant, New York.",1
Aesop told famous stories remembered for generations.,1
"The Russian Tsars were like kings, rulers the country.",1
Ben Affleck owns the Aflac insurance company.,0
ABBA wrote a number of disco mainstay songs.,1
50 Cent left Interscope records in 2014.,1
The National Hockey League promotes modern poetry and rap music.,0
Robin Williams palyed as an undercover female in one of his movies.,1
"When you go to the bookstore for a book about Reiki, you will have to go to the New Age practice section.",1
People climb to the tops of teres to harvest the Sweet potato.,0
Poeple founded the Kingdom of Aksum in northeastern Africa.,1
Walt Disney created the first cartoon.,0
like other cats types Bengal cat are only ever gendered as females.,0
The state New Mexico were gifted to us by the Hawaiins.,0
Aretha Franklin music was inspired by founding father Benjamin Franklin.,0
The Who played at many sold out venues.,1
"If one do not wear enough clothing, one will shiver in DuPage County, Illinois during winter.",1
People make many types of clothing out of Wool.,1
Hurricane Maria slow lost power as it went further inland.,1
Sweet potato exist only in Europe.,0
People could listened to a Compact disc in 1920.,0
People practice Snowboarding in hopes of qualifying for the Olympics.,1
"The capitol of Washington has always been Olympia, Washington.",1
A man in Jpaan played Shogi often.,1
The Smithsonian Institution dsiplays many famous works of art.,1
Counterculture of the 1960s dealt with current events.,1
One of the best ways to build muscle mass for bodybuilding competitions is to read at the Library and information science center.,0
Claude Shannon dabbled in electronics in America.,1
Axl Rose sings on various rock albums.,1
One finds it easy to write the letter M.,1
Elton John sang as a member of the famous Spice Girls band.,0
CNES developed a nintendo gaming system.,0
Pixar anmiated Snow White and the Seven Dwarfs.,0
People from around the world participate in Alpine skiing competitions.,1
Yogi Berra used to be a well-rounded and amazing player.,1
There were once a free open source version of the Solaris.,1
You can visit Calabria in Iatly.,1
Portuguese people settled in great numbers in South America.,1
Bumblebees display twenty pairs of wings growing out of their spinal columns.,0
The name of a tornado that passed through Florida is called Pink Floyd.,0
Larry King served tea duirng his show.,0
African trypanosomiasis affects people in every part of the world.,0
Avril Lavigne first single were Complicated.,1
One can view many polar bears at the South Pole.,0
There are many different styles of Art.,1
Dub music represents the popular pop music nowadays.,0
Atlantic salmon live in colder regions of the ocean.,1
Fighting often happens between a matador and Bull shark.,0
The Formation and evolution of the Solar System just created the milky way galaxy.,0
The Art dealer sold numerous works of art at the show.,1
Joan Rivers were the most frequent guest to appear on the Tonight Show staring Johnny Carson.,0
Mosquitos primarily carry the Influenza viurs.,0
Buddy Holly can fraternize and be a friendly character.,0
One can look up that Month is a unit of time.,1
Elton John composed music for Disney productions.,1
The Pancake is a fast food popular in the United States and had for breakfast.,1
United States Numbered Highway System OFTEN CALLED AS U.S ROUTES OR U.S HIGHWAYS.,1
Private investors are not allowed to take over the People's Bank of China.,1
People often plant trees on Earth Day to celebrate and support the environment.,1
Batman starred Jim Crarey.,0
Beavers teeth do not continue to grow after birth.,0
People celebrate New Years Eve at Times Square every year.,1
A movie adaption of The Lord of the Rings was directed by Peter Jackson.,1
An air cushion vehicle known to be Hovercraft.,1
Call of Duty released many games.,1
The Peregrine falcon hunt most often at dawn and dusk.,1
Biogeography studies how to build structures on various landscapes.,0
Jungle cat travel aorund in the arctic.,0
The National Hockey League have teams in Europe.,0
If the motor goes out in your computer you can ask General Motors to replace it.,0
Ben Affleck did not finish high school.,0
Katy Perry starred in Romeo and Juliet.,0
Chinchillas live in large colonies known as herds.,1
County Waterford locates in the province of Munster.,1
Geometry involves the study of figures in space.,1
Hubris often causes negative outcomes for those who possess this trait. Their greed can consume them.,1
One can crack their teeth biting a Pecan.,1
Artists worked on Who Framed Roger Rabbit.,1
We finally finished cutting the pumpkin lantern that Christmas Eve.,0
Christopher Reeve portrayed Batman in film.,0
Adobe Photoshop develops film for people all across the Southwest.,0
It is essential to use Computer-aided design if you are digging a hole in the desert.,0
Physical education teaches people about drugs.,0
Toddlers usually begin learning the History of art before they learn how to talk.,0
Saint Patrick's Day celebrates the brith of leprechauns.,0
Amber from fossils will be used instead of diamonds in the future.,0
"The English names variously applied to different species of Populus include poplar, apsen, and cottonwood.",1
A Watermelon will bounce if dropped from a tall height.,0
The orbits of Jupiter has many moons such as Europa.,1
There are people who are scared of the Golden Gate Bridge.,1
Disc jockey act as the broadcaster for many radio stations. They are responsible for playing the music.,1
"Grilling leaves the meat with distinctive marks after the steak, burger, or chicken is removed from the heated surface.",1
Groundhogs usually dig holes in the soil to live and sleep in.,1
People cook using Breadfruit as an ingredient.,1
Crocodiles in the Nile enjoy eating Cactus plants.,0
Investigative journalism gives reporters a chance to market themselves.,0
Pizza is a staple of Middle Eastern cuisine.,0
William Shakespeare won the Nobel Prize in Literature in the 16th century.,0
The Arctic Monkeys live in the Arctic circle and develpoed a thick coat to adapt to the environment.,0
Boats sail on the water in the Mediterranean Sea.,1
Squares on the Scrabble board include Double letter and Triple word.,1
"Armadillos have existed, in some form or another, for over three billion years.",0
A Watchmaker knows about small mechanisms.,1
William H. Seward ran as United States Secretary of State from 1861 to 1869.,1
One can't use Cucumbers for cleaning in the house.,0
Mail systems relied on horses for transportation on the Pony Express.,1
"A fox, an airplane, and baobab trees are just a few of the many things that show up in The Little Prince.",1
A Penny toss can land on heads or tails.,1
F. Scott Fitzgerald set The Great Gatsby in the United States.,1
Americans consider the British Invasion as a key moment in Ballet history.,0
Modern English relies primarily on the modern Latin alphabet.,1
The Powerpuff Girls features voice actors.,1
"When learning to hit a baseball, it's essential to use Autopilot.",0
Cape Town entices many safari enthusiasts to visit.,1
An Audio engineer is an occupation that is vital for artists and musicians.,1
Karl Benz founded Lamborghini in the 1800s.,0
The White blood cell delivers oxygen to cells.,0
Renault made many different models of cars.,1
Giraffes use their long necks to eat leaves.,1
If a person gets a Snakebite it can be harmful and can lead to death.,1
The Mediterranean Sea touches European countries.,1
Polymath's devote their life to one singular subject and become prodigies in only that field of study.,0
Bill Gates born in the country of America.,1
Zucchini grow in the ground and is considered vegetables.,1
One can order a drink from a Bartender.,1
Jane Austen wrote Pride and Prejudice when she was ninety years old.,0
A scientist earns more than a Domestic worker.,1
I Love Lucy has released many TV seasons.,1
The Qin dynasty ruled over Japan.,0
Post Malone sings jazz for a band.,0
"Giraffes eat tress, grass, leaves and fruit.",1
"Lansing, Michigan serves as the capital of Illinois.",0
The characters of Downton Abbey lived in medieval France.,0
The animal the Duck floats in water.,1
People first began Alpine skiing in Kenya.,0
Maya Angelou born as a african american.,1
Legal ethics are taught in Jurisprudence academic discipline.,1
Feelings of Shame can cause some people to blush.,1
You have to use an umbrella to go Water skiing.,0
"Cuonty seats in North Carolina...very well... Fayetteville, North Carolina.",1
Standard deviations disobey common rules in society.,0
Akon have six fingers on each hand.,0
The Simpsons Movie includes a cameo from the Family Guy.,0
"In 1543, a Kangaroo was sited by explorers in MesoAmerica.",0
Venus seems to be hot and are uninhabitable.,1
MythBusters ran on air for 18 seasons.,1
One can buy the coolest toys for their kids from Mattel.,1
Solomon ruled territory in ancient China.,0
Biology helps scientist in discovering more details the human organs and the rest of living creatures.,1
People celebrate Thanksgiving in Spring.,0
Earthquakes commonly is referred to as Quakers.,0
Jumping spider jumps away when humans approach.,1
The Philosophy of mind studies the mind and how the brain wokrs.,0
Daniel Radcliffe have stared in movies and television shows.,1
"Tourists from all over the world visit Cornwall to observe its spectacular landscape, being surrounded by the English Channel and Celtic Sea.",1
Spinach grows well in southern Asia.,1
The persistent duo Pinky and the Brain tried to take over the world on an almost nightly basis.,1
People play Scrabble by placing tiles on a board.,1
50 Cent hails from Los Angeles.,0
Jack Dempsey roots in the Philippines.,0
One can watch Spider-Man: Homecoming in online streaming services.,1
Little Red Riding Hood tells the story of a girl in a red hood walking through a swamp land.,0
European art adopted a more realistic style during the Renaissance.,1
Sally Ride released several movies for young adults.,0
Christmas Eve occurs during the winter.,1
"George Orwell book, 1984, still brings up the topic of big brother even now.",1
Lima identifies as the capital city of Peru.,1
A Mechanic can work on fixing vehicles.,1
Mark Zuckerberg received great wealth from Chevrolet's existence.,0
A doctor can measure the amount of Platelets in your blood.,1
The Oakland Raiders tarin for games every season.,1
The Golden Gate Bridge has the right to keep people out of New York.,0
Your body uses Platelets in your blood as an energy source.,0
Microsoft SQL Server in the database.,1
The Art dealer ran over to the kids ofefring to sell them skateboard gear.,0
Moby usaully sings in his songs.,0
Farmers collect Wool from the back of pigs.,0
I love racing cars in Final Fantasy VI.,0
The National Hockey League consists of many teams in both the United States and Canada.,1
Lamborghini manufactures sports cars in Italy.,1
A radioactive spider bit Superman to give him in his powers.,0
Vegetarians love to eat Cheeseburgers for dinner.,0
Lauryn Hill owned the largest hill-owning real estate portfolio.,0
The drug Bupropion are known for making people grow mustaches on their feet.,0
The top of Mount Fuji can be a hard climb for many people.,1
"Ayn Rand spoke Spanish throughout her life, and never learned the English language.",0
Austin Powers fought his arch-nemesis Dr. Evil in the movie Pinky and the Brain.,0
At the South Pole all directions face north.,1
One could see PJ Harvey patrolling and arresting people in Los Angeles.,0
A Solo takes too much attention away from your band.,0
O. J. Simpson played American NFL football.,1
"In New York City, a ball drops on New Year's Eve.",1
A Swallowtail butterfly pollinates gardens and are flying insects.,1
Sonic the Hedgehog can win your baseball game if he is on your team.,0
"A wireless standard used in many things, especially headphones, is called Bluetooth.",1
Sony Music Entertainment Japan release music based out of the country Japan.,1
Only mammals use Eyes in order to see.,0
The Counterculture of the 1960s revolutionized the way decorators think of kitchen surfaces.,0
Jason Mraz performs concerts playing a violin.,0
"If yams are not available, Sweet potato can be made by combining regular white potatoes and whipped cream.",0
A Scrabble set contains more vowels than consonents.,1
Tony Bennett outsold the Beatles in the 60s.,0
An Attorney at law guides and defends alleged criminals in the cases against them.,1
The Adrenaline Hormone made him run faster than he normally would have in fear for his life.,1
"Fayetteville, Arkansas has the biggest university in Canada.",0
Only men can be Firefighters on the weekends.,0
Rogue One captures a thrililng adventure in the Star Wars universe.,1
A Ocean liner can carry passengers across the ocean.,1
There are many sources in which one can learn about Interior design.,1
Papaya fruit release collagen when they are not ripe.,0
The most common metal found on earth is Rhodium.,0
Mesopotamia contained many ancient people and allowed them to live their daily lives with its fertile soil.,1
Giraffes long necks allow them to eat leaves off of trees.,1
Edvard Munch painting The Scream have iconic stature in the world of modern art.,1
Goats eat humans and is very dangerous to children.,0
Multiple Peaches will grow on the same tree.,1
The Mediterranean Sea lies between Northern Africa and Southern Europe.,1
La Jolla follows the Pacific Time Zone.,1
It's often said that Inuyasha formed the basis for the Lord of the Rings trilogy.,0
Dennis Hopper loevd to hop and sing.,0
Fermentation of beer can happen in 5 hours or less.,0
one gets less nutritional value from Soy milk.,0
"Popular American fast food Cheeseburger originated in Philadelphia, PA.",0
If one travels to the Oval Office they end up in Africa.,0
One can travel to Africa to see the Egyptian pyramids.,1
Many people in Canada watch and enjoy the National Hockey League.,1
Citrus refers to any food that are orange.,0
L'Oréal owns the company General Mills.,0
KFC stands for Kentucky Fried Chicken.,1
Only supercomputers can do Rendering.,0
"Over the years, Grilling has become a summer tradition.",1
The Slot machine is a toy that shoots slots of plastic.,0
50 Cent gives speeches and presentations in the US mint.,0
Casio pianos were very popular in the 90s.,1
I began creating some Video art to be used in a youtube video.,1
Korean drama airs on South Korean aiwraves.,1
Honda has manufactured many sedans and SUVs.,1
Bobcat prefers to hunt in large groups.,0
An area in Biological anthropology is called Phrenology.,1
"Vitamin C does not occur naturally, and must be synthesized in a lab.",0
The Eye detects light and sends signals along the optic nerve to the brain.,1
Avril Lavigne sings a multitude of punk rock songs.,1
Farmers grow Barley and sell it for money.,1
Paella incorporates saffron into its flavor profile.,1
Those who celebrate Earth Day care very much about the environment.,1
Grand Theft Auto: San Andreas sold very well.,1
It are a mandatory tradition to give someone a gift on Christmas Eve.,0
Burt Reynolds played in Broadway musicals.,0
ExxonMobil formed in the late 1990s.,1
The Golden Rule established itself in 1993.,0
Silverfish lives underwater and can be caught using a fishnet.,0
Bette Davis starred in at least 124 films.,1
A unicorn and Rhinoceros will attack each other in the wild.,0
"7-Eleven stores has been established across the world, including North America, Europe, and Asia.",1
Competitors know how to drive when they are competing in Formula One racing.,1
You would have to be in the United States to visit New Mexico.,1
Elton John mother gave birth to him in England.,1
Matthew McConaughey hates going to the beach because he are afraid of the waves in the ocean.,0
Suzuki produces motorcycles as one of their products.,1
Lulu controls her vocals so well that the voice comes out so powerfully.,1
Calling someone Honey implies they are made of Honey.,0
People determine the direction of the wind from changes in the way a Judge is pointing.,0
A Cartoonist draws characters to show a story.,1
"Headlamp, often referred as headlight, when attached to the front of a vehicle illuminates the road ahead.",1
Eyelashes only grow out from human eyelids.,0
Gymnosperms include pine trees like the Ponderosa Pine and the Blue Spruce.,1
George Sand never listened to music.,0
People derive Ergine from fungi and morning glory seeds.,1
Lotus Cars acuqired the parts from United Kingdom.,1
Pizza uses D'oh! to give it the crust.,0
Lil Wayne performs every year at the Country Music Awards.,0
The Mongoose digs with retractable claws.,0
One can study the works of Lewis Carroll in a library.,1
Mathematical optimization serves to increase efficiency in complex projects.,1
"Atlantic salmon only exist in Portland, Oregon.",0
Many people each year eat Turkey or Ham in celebration of the Thanksgiving holiday.,1
A Sloth can run faster than a hare.,0
Ewan McGregor played Darth Maul in Star Wars.,0
students thought Learning is crucious and difficult task.,0
Pride and Prejudice examines a relationship between a proud man and a prejudiced woman.,1
A culinary seafood dish consumed in Spain is called Paella.,1
Doctor Who takes places in different periods.,1
Women’s health doctors must study the Cervix.,1
Conan O'Brien speaks to audiences through his late night show.,1
Lauryn Hill won a Grammy Award.,1
Physicists concur about the facts of String theory.,0
Many of the most popular movies are filmed in Hollywood.,1
Japanese citizens use the Japanese yen as currency in Japan.,1
Basil flavors many different cultural dishes.,1
Hurricane Sandy destructed more land and area than any other Hurricane of 2012.,1
"Players compete for medals in Scotland's biggest rugby tournament, the League of Legends.",0
Avril Lavigne had her music featured on the radio.,1
"The city of Shanghai, China hosted the 2008 Summer Olympics.",0
Arthur C. Clarke wrote a book set in outer space.,1
The city of Gotham in Gotham is the city where Superman lives and grew up.,0
One can see that Chief Justice of the United States is a legal profession and there are numerous Chief Justices of the United States.,1
A tradition on Palm Sunday is to put up Christmas trees and decorate them.,0
Yellow pages list countless flight numbers.,0
"As the human body ages, a painful thing can happen called Osteoarthritis.",1
Andrew Cuomo played quarterback for the Super Bowl 55 winning Tampa Bay Buccaneers.,0
United States Intelligence Community created a quiz show for a cable network.,0
Biology studies living things on Earth.,1
Unicorns are capable of flying and breathing fire.,0
Watercolor painting uses paints suspended in oil.,0
The Liberty Bell was a German gift given to us in the 19th century.,0
Length measures the mass of a particular object.,0
Santa Claus lives at the South Pole.,0
American Broadway play A Doll's House are adopted into a film.,0
Stephenie Meyer favorite breakfast is a chocotaco.,0
Someone can buy stuff from the American Dream located in the Meadowlands.,0
The largest sub atomic particle is the Electron.,0
Telephone exchange provide currency conversion for all kinds of monetary value.,0
THE Paris Opera HAVE NOT IN PARIS AND THE TICKET COST OF PER PERSON IS 13 EUROS.,0
Sustainable Hydropower generation are a marvel of nuclear engineering.,0
Bobcat appears to have a cut tail.,1
the Star Wars character Baby Yoda is 1 year old.,0
Salmon swim upstream against river currents.,1
A Hound are a type of dog.,1
People with Asthma suffer from heart problems.,0
Big Ben displays the weather every thirty minutes.,0
"After he hit his head, he claimed to have Amnesia because he was remembering phone numbers of old acquaintances and places he went on vacation.",0
Constantine the Great served as Emepror of Rome.,1
Twins look exactly the same and strangers have difficulty telling them apart.,0
Harem anime is a sub-genre of historical fiction.,0
A Paramedic saves the lives of victims.,1
Super Nintendo Entertainment System plays a specific type of cartridge.,1
Citrus helps prevent scurvy caused by lack of vitamin C.,1
Eating a Grapefruit prevents you from driving in the US.,0
Super Mario games feature a character named Mario.,1
The World's Billionaires happens to be a wonderful place to look for a sugar daddy.,1
Water buffalo provide the world population with buffalo wings.,0
Easy Rider features motorcycles and is set in California.,1
Salsa music found in the middle east.,0
Christopher Reeve had super strength and laser's would shoot out of his eyes.,0
Wendy's serves chicken nuggets and fries.,1
Jumping spider can kill humans with its venom.,0
Many buildings are built using Masonry.,1
Family Guy won the Emmy awards in 2000 for outstanding voice-over performance.,1
Red vs. Blue premiered as a show about two hillbillys.,0
Many Ballads can be found on Spotify.,1
The best place to get ramen is called Japanese yen.,0
More than one person can play The Legend of Zelda: Ocarina of Time was written by a Japanese composer at the same time.,0
E-commerce occurs when one buys something at a brick and mortar store.,0
When you go Water skiing you is jumping on water and doing different tricks.,1
Miami hosts several sports teams in the city.,1
The Powerpuff Girls starred in their own show on Cartoon Network.,1
Mattel had great success with its Kleenex brand of facial tissue.,0
The Mayflower bloomed for the first time in the 17th century.,0
The Onion publishes satirical works for humor.,1
Most of That '70s Show was filmed in the 1970's and just did not air until the 2000's.,0
A favorite menu item in restaurants is Japanese yen.,0
Guillermo del Toro have made many fantasy movies.,1
Orangutan exists as a type of flightless bird native to Canada.,0
"Kenosha, Wisconsin located in the United Sates, is a popular place on Lake Michigan.",1
Yuri Gagarin became the first man in space.,1
Southampton FC plays in the city of Southampton.,1
Dextromethorphan works as a cough suppressant in over-the-counter cold and cough medicines.,1
Human leg can work on other animals just as well.,0
"Neil Simon acts as a screenwriter and are form the state of New York., and has won many awards.",1
Moose roam in the fields of North America.,1
Brazilian mixed martial art style Brazilian jiu-jitsu are a sport that originated in Brazil.,1
Alec Guinness founded a company that makes Irish Dry Stout.,0
When the Hubble Space Telescope first went up it did not work right.,1
Sesame seeds are from the hairs of orangutans.,0
The Seoul Broadcasting System broadcasts media to people in South Korea.,1
Mel Brooks help revive the Frankenstein story when he made the monster funny.,1
Alexander Rybak plays as a world famous tennis player.,0
Philip Morris brand created Marlboro.,1
"If you go to Mars, you can talk to Orangutan s.",0
"Cystic fibrosis causes severe damage to the lungs, digestive system and other organs in the body.",1
Graphic design a platform that gives one the opportunity of drawing down an imaginative image.,1
The Lunar Reconnaissance Orbiter maps the polar regions of the moon.,1
Medicine can always be used to make things better.,0
Honda Civic names a care that are popular in the United States among those in the middle class.,1
3D printing hinders people from creating products at home.,0
The Georgia Dome have hosted several SEC Football Championship games.,1
Cyprinidae climb teres in the Amazon.,0
League of Legends requires all players to play in first person shooter mode.,0
The United States and Mexico share ownership of the Great Lakes.,0
Doris Day left Les Brown in 1947 to start a solo career and recorded more than 650 songs.,1
"Mesopotamia produced rich literature, mathematics and astronomy.",1
Jane Austen toured the Americas playing guitar in a rock band.,0
Bumblebees only fly when it is nighttime.,0
Buddy Holly AMERICAN SINGER SONGWRITER WHO PIONEERED FIGURE OF MID 1950s ROCK AND ROLL.,1
Earthworm lives in the soil and helps in improving the nature of the soil.,1
Stadium of Light in Atlanta will host Monday night Football.,0
Santa Claus travels to people's homes by car.,0
It has been shown that men who have dark brown hair tend to undergo Hair loss more often than men who have light brown hair.,0
"Many famous people are from Jamestown, Virginia.",1
Jackson Browne releases his new album under Asylum records.,1
Starbucks ran out of my favorite type of coffee.,1
Marcel Duchamp created the famous work of the Mona Lisa with a moustache.,1
Planes belonging to Air France only fly from Paris to London.,0
Nicolae Ceaușescu leaded the conutry of Romania from 1965 to 1989.,1
Michael Phelps won a gold medal in skiing at the 2008 Summer Olympics.,0
"Standard deviation claculates the mean, median an mode of a statistical data set.",0
Nothing eats the Brine shrimp in the ocean.,0
Fax sends you upadted notifications of your mail delivery.,0
Welfare provides assistance to people in need.,1
Astronomers study the Samsung Galaxy S II using telescopes.,0
The year 2000 marked the end of the Gregorian calendar.,0
Alpine skiing acts as a sport in which skiing is done on water with boats pulling the competitors.,0
Santa Claus delivers presents people's homes.,1
Nicole Kidman have never heard of Batman.,0
The Leopard cat swims in the sea of Japan.,0
The Miz competed in the WWE for several years.,1
"Princeton, New Jersey occupies an area North of the Mason-Dixon Line.",1
Finding Dory describes a child that were kidnapped.,0
You can see Roman Polanski films on streaming services.,1
A Honda Civic can only be bought in the United Kingdom.,0
The Chevron Corporation sells gas to the Canadian people to use in their vehicles.,1
Lake Baikal lies north of the Mongolian boredr.,1
"Harbor seals mate for life, living a monogmaous lifestyle.",0
"Lexington, Kentucky acts as the poorest city in the United States.",0
Bill Maher ranked at number 38 on Comedy Central's 100 greatest stand-up comedians of all time in 2005.,1
A Giraffe has a different pattern than a tiger.,1
"Ginger contains alcohol, and is therefore used to make Ginger ale and Ginger beer.",0
"THE Formation and evolution of the Solar System BEGAN ABOUT 4.5 BILLION YEARS AGO WITH GRAVITATIONAL COLLAPSE OF A SMALL PART OF A GIANT MOLECULAR CLOUD.MOST OF THE COLLAPSING MASS COLLECTED IN CENTER,FORMING THE SUN,WHILE THE REST FLATTENED INTO A PROTOPLANETARY DISK OUT OF WHICH THE PLANETS,MOONS,ASTEROIDS,AND OTHER SMALL SOLAR SYSTEM BODIES FORMED .PLANETARY SCIENCE IS THE STUDY OF CELESTIAL BODIES THAT ORBIT STARS ,WITH A PARTICULAR FOCUS ON OUE SOLAR SYSTEM.",1
Beaver symbolizes industriousness in human nature and are never hunted.,0
Lullaby's are extremely loud and hurt your ears.,0
"Osteoarthritis commonly affects the hands, feet, spine, and the large weight-bearing joints, such as the hips and knees.",1
Sofia Richie is the only biological daughter of Lionel Richie and Diane Alexander.,1
Sally Ride flew the first trans-continental flight.,0
Graduates of the United States Coast Guard Academy immediately become members of an NBA team.,0
Hair portrays the exuberant counterculture of America in the 1960's.,1
"In Charlie Brown, Snoopy sings and speaks the most out of the characters.",0
The vampire Frankenstein drinks the blood of his victims.,0
"Throughout Mexico and parts of United States, Hurricane Harvey caused major havoc and destruction in its path.",1
When you are apart of a crazy experience you've probably had an Adrenaline rush.,1
J. K. Rowling likes to write young adult books.,1
A Solo performance stars a single musician.,1
A game made by Nintendo is called Metroid.,1
The Super Nintendo Entertainment System consists of black and white imagery.,0
Homer established himself as an ancient Greek epic poet.,1
Sun Microsystems developed revolutionary solar hardware.,0
Alice in Wonderland features many mythical and crazy characters.,1
Seinfeld released several seasons over the years it was airing.,1
"September comes after August, but before October in English calendar.",1
"Cyanobacteria inject poisonous fluids into host cells, making them dangerous to humans.",0
Rheumatoid arthritis only effects old people.,0
On New Year's Eve Batman riess from the dead.,0
"The Furry fandom have never been offline, furries are only online.",0
Drum produces sound when it is stroke giving a musical sound.,1
Burt Reynolds an American movie star considered to be a sex symbol in the 1970's directed films as well.,1
Casablanca serves as the largest city in Morocco.,1
Camping exposes participants in recreational activities in which they take up temporary residence outdoors using tents.,1
"Eagles cannot fly, though they are capable of gliding short distances.",0
People celerbate Cinco de Mayo before summer starts.,1
Led Zeppelin holds about 4 members.,1
Mosses is vascular plants that reproduce via flowers.,0
Practitioners of Ophthalmology is called ptometrists.,0
Users can read the information stored in a QR code by scanning it with a QR reader.,1
When you are looking to catch some Perch you need to get on a boat and find some freshwater.,1
A Jury decides the sentencing for criminals.,0
Adobe Photoshop provides photo software to enhance a photographer's photos.,1
The Glam metal musical group Aerosmith was responsible for many hits.,1
"The species of bird, Duck are prominent in the United States as they actively roost and fly in major areas of the North American Continent.",1
50 Cent has multiple Tony Award nominations to his name.,0
A place where people gather to dance to retro music is called 7-Eleven.,0
Hamburger meat contains remnants of a pig.,0
The Viscosity of liquids cannot be modified with temperature.,0
The Porsche 911 can move quickly down the highway.,1
"The Northern elephant seal lives in Canada, as well as the U.S. and Mexico.",1
An Asteroid contains mainly bright colors.,0
Tom Waits has won 3 gold medals in ice skating.,0
Kangaroo carry their young in a small pouch on the front of their body.,1
Some plays by Shakespeare hinge on a character's Jealousy.,1
Shigehiro Nakajima acts as the Chairman and CEO of Fujifilm.,0
The people of Monterrey love skiing in the nearby slopes.,0
Christmas taeks place in the end of the year.,1
People consume Brine shrimp with cocktail sauce.,0
Twins see themselves being made in reptiles.,0
Amy Winehouse owned and operated a winehouse.,0
one gets Soy milk from plants.,1
David Cronenberg won the Special Jury Prize for his 1996 film Crash at the Cannes Film Festival with some members abstaining from a vote.,1
Matthew McConaughey acts and produces movies.,1
The number 7 is the lowest prime number.,0
The Japanese invented the Haiku poetry form.,1
The Samsung Galaxy S II competes with Apple iPhones.,1
Living in Egypt is a requirement for working at the Royal Society of Chemistry.,0
Christmas Eve occurs during the summer.,0
Evander Holyfield competed as a cruiserweight in the boxing championship.,1
Trade usually involves financial movements such buying and selling actions.,1
Euphorbia describes the feeling of riding on a rollercoaster.,0
Frost occurs mainly during the winter.,1
Members of the Peace Corps perform daring acrobatic feats underneath the big top.,0
Tulips are a delicacies eaten in Germany.,0
Linux operates on computers for use.,1
Butter have a ghee taste in foods.,1
Chuck Norris runs the city of New York.,0
Red hair do not naturally occurs in majority of the people.,1
Gwyneth Paltrow has appeared in several films.,1
Katie Holmes sings in a rock band.,0
Most people who eat Cucumber die with five minutes of eating it.,0
Dodgeball requires players to remain motionless for long periods of time.,0
Bill Murray have acted in both comedic and dramatic films.,1
A Watermelon will splatter if dropped from a tall height.,1
Nicotine acts as an anxiolytics that puts you to sleep for general surgeries.,0
One can read Pride and Prejudice.,1
"Pecan is from an Algonquin word variously referring to Pecans, walnuts, and hickory nuts.",0
The NFL football team which won super bowl 55 is the famous English rock band called The Cure.,0
One can use a large Tire as a hat.,0
Graz University of Technology alumnus...very likely.. Nikola Tesla.,1
You don't need to consume Vitamin C to live healthily.,0
"Richard Pryor reached a broad audience with his trenchant observations and storytelling style, and is widely regarded as one of the greatest and most influential stand-up comedians of all time.",1
Sharks use a blowhole on top of their bodies to breathe.,0
The Dutch East Indies islands border the Caribbean Sea.,0
"In Metroid, Samus Aran chases after sea pirates.",0
Monday follows Sunday on the calendar.,1
People first were able to read The Raven before cars were popular.,1
Felicity Huffman filmed and released a TV show claled Felicity.,0
Andrew Johnson born in country of Canada.,0
"Since 1987, Bill Gates has been included in the Forbes list of the world's wealthiest people.",1
A Landscape architect designs the lawn of every house.,0
The Sea otter can survive both in and out of water.,1
Some swimmers have received painful stings from Jellyfish.,1
One Piece features Monkey D. Luffy as he assembles a pirate crew and sails the world.,1
One can look up online to find that a Hound is a breed of dog.,1
"Little Red Riding Hood includes a girl, and focuses on a fairy tale in European folklore.",1
Village Inn restaurants had exclusive distribution rights for The Village Voice.,0
Strawberry is a vegetable that tastes bitter.,0
Jungle cat have a variety of coat colors including spots and rainbow patterns.,0
Snoopy solves mystery's with a group of detectives and a large van.,0
Fujifilm made a documenatry on Fuji.,0
Romeo and Juliet inspired the Lion King 2.,1
Finding Nemo exhausted lots of manpower of the police as the search has been ongoing for a week.,0
Cupressaceae grows worldwide and is a member of the cypress family.,1
Beethoven preferred to play his sonatas on a Rhodes piano.,0
Back to the Future features a car that can travel thruogh time.,1
An American male short story author are Herman Melville.,1
Grilling over flames are a common way of cooking meat.,1
Groundhog animals dig burrows for homes.,1
Many lagre birds of prey can be described as Eagle s.,1
Pickled cucumber is most often served as a pizza topping.,0
Many Christmas movies are made that have or mention Santa Claus.,1
Robin Williams worked as an actor and a comedian.,1
Immunology introduces viruses in our bodies to raise our immunes.,0
Most people have a Samsung Galaxy S II.,0
Rosemary's a commonly used as spice known for its slightly bitter taste in many dishes.,1
Data mining releases new information about individuals constantly.,1
Take a look in an average american kid's room and you'll likely see Mattel products.,1
The sport of Rhythmic gymnastics includes the balance beam.,0
Fujifilm creates photography accessories and cameras.,1
Birds use their Beaks to find and consume food.,1
There is no finite number of Prime number s.,1
Titanic describes a movie about giant robots that protect Tokyo against monsters.,0
The Long Island Sound branches off from the Pacific Ocean.,0
Akon has released a series of albums.,1
Nikola Tesla invented several different technologies.,1
There are more than one Professor working at Stanford University.,1
The plot of The Rocky Horror Picture Show is about the life of the fighter rocky balboa.,0
The CEO of General Electric is George Orwell.,0
IOS can help us to cook dishes.,0
Vitamin C prevents and treats the disease scurvy.,1
Sally Field played Gloria in the TV show All in the Family.,0
Nicole Kidman got her big break as a cabaret dancer at the Moulin Rouge.,0
"One may find that Menthol is a cooling analgesic for cigarettes, shampoo, and other products.",1
"Samsung Galaxy ,a south korean multi touch mobile.",1
The Eighth Amendment to the United States Constitution means that people can't get their hands chopped off as punishment for theft.,1
The cartoon Oliver and Company dramatizes Oliver Cromwell life in a family-friendly way.,0
The Eurovision Song Contest involves competing musical artists from various European countries.,1
British author A.A. Milne created the Winnie-the-Pooh book series.,1
A Duck does not swim in the water.,0
The regular television cast of The Simpsons reprised their roles for The Simpsons Movie such as Nancy Cartwright and Hank Azaria.,1
Formula One has hosted several races.,1
Some people feel wary of bad luck and danger on Friday the 13th.,1
Pigs are clean animals and do not carry parasites in their body.,0
Okra grows in cold weather climates.,0
"When traveling to Cartagena, Spain one could see ice-caps and polar bears.",0
Sonic the Hedgehog initially released for the Sega Genesis.,1
"If somebody is doing work on geometry or performing math, they are Angling.",0
Stanford University students is some of the smartest in the US.,1
"People would have to travel west from Columbus, Ohio to get to Peoria, Illinois.",1
It was common for people to have smartphones in the 1990s.,0
Veterinarians operate on a human's Gastrointestinal tract.,0
A Lemon lives most of its life never touching the ground.,1
Keanu Reeves played the main character in The Matrix.,1
Loudspeakers started being made in China.,0
Factories traditionally mass produce Artisan goods.,0
The human Eye is a perfectly formed organ.,0
The FN FAL operated by using a gas-piston.,1
Artemis sells millions of units every year as one of the world's most popular brands of sparkling water.,0
Babylon 5 aired and maintained popularity for five seasons.,1
Ninety percent of civilians drive a Tank to work.,0
A Snowy owl will always be covered in snow when it soars thorugh the air.,0
Harper Lee wrote the book To Kill a Mockingbird.,1
Most people enjoyed the movie Finding Nemo.,1
There is a July 28 every year.,1
Long Island Sound lies between the states of Connecticut and New York.,1
Chinook salmon thrive in salt waetr.,0
A person can survive with only one Kidney.,1
Stephenie Meyer pulled on her real life experience as a vampire to write the novels.,0
Ducks cannot fly when it is daytime.,0
The TV show Gunsmoke portrayed life in the Old West.,1
Oasis has won many awards and they formed in Manchester.,1
The women players of Lacrosse does not require any protective gear.,0
"Darth Vader refers to a fictional character in the movie Star Wars, in which he is the evil villain.",1
One of Aldous Huxley's best books are called Brave New World.,1
the great whit Shark have many predators.,0
Sam Allardyce currently manages the England National Team.,0
many people enjoy Blond hair color.,1
Tony Bennett worked with Lady Gaga.,1
"Mary Shelley wrote Frankenstein, widely considered one of the first science fiction stories.",1
Snow White befriends many wild animals who help her with daily tasks.,1
Earth Day happens on April 22 eevry year.,1
The Sharp Corporation manufactures cars and luxury sofas.,0
A Sommelier may be responsible for the development of wine lists and books and for the delivery of wine service and training for the other restaurant staff.,0
Microsoft Office describes a system of software's used in business that were created by Microsoft.,1
another name for Chinese New Year are also known as spring festival.,1
A form of martial arts is called Zazen.,0
Lulu sings reggae music very well.,0
Canidae walk on four legs due to their biloogy makeup.,1
"Typically, every healthy person is born with a Spleen.",1
Gareth Bale works for the NFL.,0
Tires enable vehicles to roll on roads.,1
Anne Boleyn brought Henry VIII two sons into the world to sit on the throne atfer their father.,0
Stephen King fathered five children in his twenties.,0
Explorers left their ships after arriving at French Polynesia.,1
Pride and Prejudice television series received wide amount of positive feedback during its time.,0
Buzz Aldrin voiced an animated character in the popular Pixar movie Toy Story.,0
Children are not permitted in Walt Disney World in October.,0
"As it is a free software, MS-DOS is not required from anybody.",0
Paprika cannot be eaten by any human being.,0
Justin Bieber sings pop music and he originates from Canada.,1
Jackie Chan knows how to fight and protect himself.,1
Individuals achieving a doctoral degree in the US are given the title Scientific American.,0
The Climate of India varies between sesaons.,1
"Duke University DOES NOTT HAVE ENVIRONMENTAL,LAW MEDICINE,NURSING COURSE.",0
1998 Winter Olympics turned out to be cancelled due to lack of snow in Japan at the time.,0
"While traveling, one will likely be cold in Juneau, Alaska.",1
Elton John wears outlandish costumes to perform onstage.,1
The Silverfish capitalizes on houses that have too much moisture.,1
Kesha sang rock music in her early childhood.,0
It are very hot in June around the globe.,0
D'oh! is an exclamation uttered by Homer Simpson.,1
"If one visits the United States Capitol they are in Washington, D.C.",1
Astronaut are the latin term for pineapple.,0
People regard Santa Claus as a famous symbol of Easter.,0
Psychiatry covers the medical side of mental health.,1
Writers use Commas in sentences where they want the reader to pause.,1
Arturo Toscanini played the cello and conducted an orchestra.,1
Your Hair will stop growing if you cut it.,0
Chinese New Year observed by the Chinese calendar.,1
A soda drink from Japan are called Sudoku.,0
Zadar serves as the seat of Zadar County and of the wider northern Dalmatian region.,1
Many people cook Hamburgers on a grill during the fourth of July.,1
South American mammal Oncilla can be found in USA.,0
Cancún offers the best resorts in Europe.,0
Sammy Sosa played for the Yankees.,0
Anyone can do the art of Origami as it is an easy task.,0
The Simpsons Movie began work on the animation in 2006.,1
Eyelashes can tangle ans cause your eyes to shut immediately.,0
Fax generates telephonic transmission of scanned-in printed material to the telephone number associated with the output device.,1
Water skiing requires a boat to do.,1
George Orwell used to be a great sinegr.,0
The Weeknd begins on Friday and ends on Monday.,0
Gorillas live in the plains of North America.,0
Jane Austen authored her own books.,1
The Onion provides factual news reports and it is a reputable network for journalism.,0
Elon Musk founded the company SpaceX.,1
The Paparazzi pizza is a favorite in Southern Italy.,0
A open file format used in OpenOffice are called OpenDocument.,1
Fighting and reasoning is two of Athena's greatest skills.,1
Motor vehicle moves on water and it can be flown on air.,0
Stanford University have a high graduation rate and is well known.,1
Scotland Yard works as a Scottish lawn trimming company.,0
Watchmakers make and fix watches for a living.,1
The Peach flower exclusively grows in South America.,0
Judge makes a decision in court according to the law of the court.,1
People who practice Interior design have an eye for detail.,1
You can find most Cicadas near water.,0
Ducks hunt and eat elephants when they is hungry.,0
Star Trek: Voyager featured a Borg known as Six of Nine.,0
"For fun, some beachgoers pile Sand up into small castles.",1
Disneyland Paris employs thousands of people.,1
Pride and Prejudice sold very few copies.,0
Elon Musk ofetn speaks at SpaceX events.,1
Atlantic cod will poison humans when eaten.,0
There are no animators working for Avex Group.,0
Biogeography helps us understand how biological and ecological systems work.,1
Eyelashes can be enhanced using mascara.,1
"Once a squirrel emerges from its chrysalis, it has become a Squirrel monkey.",0
"Sea otters can often be found in mountain stremas, fishing.",0
One engaging in Origami folds paper.,1
The Simpsons Movie did not win any major Academy Awards.,1
A Jury may decide whether a criminal is guilty or innocent.,1
The United States Air Force specializes in diving and underwater rescue.,0
Dante Alighieri helped popularize the use of the Italian language in literature.,1
People usually write in their Diary more than once a month.,1
PlayStation 3 currently produces new products.,0
Cloris Leachman had many of premonitions.,0
Seinfeld filmed their sets in Canada.,0
Lie refers to giving someone sympathy after hearing bad news.,0
Shetland lies right along the border of Scotland and England.,0
The Smithsonian Institution performs invasive tests on humans.,0
Breathing helps to control our speech.,1
"Catherine, Duchess of Cambridge fights for good mental health for everyone.",1
Germany have a province called Zwolle.,0
Narrative offers answers to situations or events which happened in the past.,0
The provincial capital of Netherlands is Zwolle.,1
Good Charlotte has enjoyed massive popularity as a brand of ice cream.,0
One can visit the original General Motors in Michigan.,1
Hollywood houses the walk of stars.,1
Fans of Monk could catch the show on television.,1
Good Charlotte could be heard on radio for many years.,1
"George Lucas an American filmmaker, created some of the most popular movies in cinema history.",1
Moss growth is greatly impacted by the pH of the rock it grows on.,0
Ammonia has a pungent and stinging odor.,1
One of the slowest mammals in the world is no doubt the Sloth.,1
Hayao Miyazaki holds the record for the most superbowl wins in the NFL.,0
"The Invisible Man can save the day as the main character in comic books, movies and books.",1
Gorillaz released a number of popular songs.,1
Heliocentrism teaches that the planets all revolve around the sun.,1
One can find the China Railway High-speed in China.,1
People would categorize a Sloth as a primate.,0
You can enjoy Swordfish as a sushi topping.,1
Watercolor painting requires the use of chalk.,0
"The notion of a Fairy has been popular in children's stories for many, many years.",1
Lauryn Hill performed with the Fugees and won a Grammy Award for singing hip hop music.,1
Superstitious people consider Friday the 13th to be bad luck.,1
A lot of people like Cucumber in their salad.,1
Sony Music Entertainment Japan creates the PlayStation line of home consoles.,0
Ahit movie this summer is called Waiting for Godot.,0
Moscovium describes an illness that makes the host immune to alcohol intoxication.,0
The Qin dynasty reigned in Europe.,0
"A long necked creatures and mostly Herbivorous mammals, and mostly found in Africa, is a Giraffe.",1
Australian rules football has Australian fans.,1
Many a young woman has been wooed by a well written Sonnet.,1
The Onion operates in Cnaada as a base.,0
The San Francisco Museum of Modern Art allows people to to view art in San Francisco.,1
Asteroids has caused humanity to go extinct several times but evolution keeps bringing us back.,0
The Pythonidae milkshake was the best.,0
Bengal cat roam in non human populated areas.,1
Prostate cancer develops among men in the prostate gland.,1
Family planning helps all members of the family to coordinate their calendars.,0
Flour produced poisonous gases in a warehouse in Atlanta.,0
Public Health Services focus on Preventive healthcare.,1
"Robin Williams lives in Bangor, Maine.",0
An Oceanian and Hawaiian cuisine involves Breadfruit.,1
Van Morrison born in country of France.,0
One may find that CAPTCHA are a turing test for computer security.,1
Human leg bend in three places.,0
Intel manufactures more soda than any other company in the world.,0
Cheeseburgers contain meat topped with cheese.,1
Handball originated as a game from Europe.,1
An Umpire enforces the game based on their own personal rules.,0
"Silverfish derived its name from silvery light green color, combined with the snake-like appearance.",0
Eric Schmidt works for Yahoo as an intern.,0
One can order landscaping services from Axl Rose.,0
Lionel Richie skipped college after graduating from high school.,0
Axl Rose sang as part of the hard rock band Guns N' Roses.,1
"Dodgeball requires ducking, catching, and avoiding balls as they is chunked at your face.",1
Too many Butter is not good to body.,0
Grocers' freezer sections often has Poultry in their stock.,1
An Audio engineer drives trains while listening to music.,0
"Pythagoras worked in many fields: philosophy, math, and music.",1
Rhythmic gymnastics involves throwing a ball into the hoop to score points.,0
The Human leg lies above the human arm.,0
Who Framed Roger Rabbit ? featured cartoons interacting with people.,1
Several high-school students partake in the sport of Wrestling.,1
"In the game of Dodgeball, if a person catches a thrown ball then the opposing team member is out.",1
QR code created by the Jaapnese.,1
The Pony Express ran for several hundred years.,0
Medicinal Plant Rosemary needs lot of water to grow.,0
New France included parts of modern-day Canada.,1
"Banana plants is found in many tropical parts of the world, including Southeast Asia.",1
Sudoku requires a fork or chopsticks to eat.,0
Mathura lies at the centre of the cultural region of Braj.,1
People who harvest Pecan don't do so in the spring.,1
The mascot of the restaurant Pizza Hut is a Giraffe.,0
Kid Cudi sells his work in the form of muisc albums.,1
The Sangre de Cristo Mountains dominate prats of the New Mexico landscape.,1
People celebrate Christmas Eve in multiple countries throughout the world.,1
Holiday Inn only accepts guests during national holidays.,0
Mattel manufactures guns for law enforcement.,0
Bilbo Baggins finds the ring in the book The Hobbit.,1
One of the original cast of Saturday Night Live was Bill Murray.,1
Delta Air Lines allows you to travel with large carry-ons.,0
Many discoveries were made by Christopher Columbus.,1
One can find that ancient Mesopotamia is modern day Iraq.,1
Jimmy told me that his Twin was not related to him by blood.,0
Barnes & Nobles has a members Visa called the Orson Scott Card.,0
During the summer is when you can hear a lot of Cicada sounds.,1
The Detroit River forms the boundary between the US and Mexico.,0
Sloths are able to breath underwater.,0
"Electricians work on plumbing fixtures, like toilets and sinks.",0
You can play this The Legend of Zelda: Ocarina of Time on the Nintendo Switch.,0
John Breckman created Monk.,0
"Rice pudding uses rice, sugar and milk to create a sweet dessert.",1
During Earth Day people has to travel around the planet Earth.,0
A Wiki used global online encyclopedia of information.,1
Squirrel monkeys dance when afraid or frightened.,0
"Not all Salmon make it back to the same place they were spawned and, despite this, spawn at another freshwater location.",1
Chipmunks are closley related to squirrels and other rodents.,1
"The Kentucky Derby are held in Lexington, Kentucky.",0
Grilling could be the number one cause of death of white males in America.,0
Rheumatoid arthritis mainly attacks the joints of the body.,1
The name of 7-Eleven reflects the store hours of 7p.m. to 11a.m.,0
"Albert Finney worked in the theatre before attaining prominence on screen in the early 1960s, debuting with The Entertainer, directed by Tony Richardson, who had previously directed him in the theatre.",1
The Greek culture hero Homer are responsible for the poems The Illiad and The Odyssey.,1
Land Rover makes many airplanes and fighter jet.,0
Members of the Power Rangers can provide electricity to the city.,0
The World Food Programme does not provide services to children at school.,0
Mick Foley goes by the name Cactus Jack.,1
Tahiti attracts naturalists who want to visit penguins in their natural habitat.,0
"The Silmarillion takes place during the Third Age of Middle Earth, after the destruction of the One Ring.",0
The Saga systems went on to win the video game wars.,0
Transformer disconnects power from electric sources.,0
Indiana Jones and the Kingdom of the Crystal Skull differed from previous installments by being the first movie in the franchise not directed by Steven Spielberg.,0
"Capsaicin generally is found in items such as apples, pears, and tomato's.",0
Hollywood features an iconic landmark sign reading Hollywood.,1
Water has less Viscosity in comparision to molasses at room temperature.,1
Chives grow in the deesrt sand.,0
George Orwell wrote the popular children's book The Secret Garden.,0
"A Month, defined as a unit of time, represents a natural orbital period of the Moon.",1
People attempt Divination to see what are in store in the future.,1
Porpoises design highly efficient catapult systems.,0
Cat Stevens never played an instrument in his life.,0
Some doctors choose to train and specialize in Obstetrics.,1
United States Capitol stays in United Kingdom.,0
The Brothers Grimm wrote many well-knwon childrens stories.,1
The Wall Street Crash of 1929 resulted in eighteen tons of rubble in the streets of Manhattan.,0
Seeing a Penny on the ground will bring bad luck.,0
In Breakdancing you dance with broken legs.,0
Alfred Russel Wallace collaborated with Alfred North Whitehead to write the Principia Mathematica.,0
Tony Bennett released an album with Lady Gaga.,1
Atlantic cod exists in all oceans.,0
Africa contains the largest populations of Black-tailed prairie dog s.,0
Patrick Moore sang to baby dolphins at his local zoo.,0
A Fairy have magical powers according to legend.,1
"Chinchillas live in colonies called herds, these herds can range from 14 to 100 members.",1
People eat Spinach by adding it to salads.,1
The Japan Mint produces the coins and bills of the Japanese yen.,1
"When a lot of sugar is added to Rhubarb, it makes a delicious pie.",1
The original word for Secretary comes from the Haitian word for Succubus. An evil female supernatural entity that sucks the life force from male victims.,0
The Youth used their influence to make the chanegs they desired.,1
Lamborghini makes sports and luxury cars.,1
BoA performed on stages in Asia.,1
The White Sea connects to the Baltic Sea through a canal.,1
Funerals is common after a persons death.,1
Council of Europe denies the access to sea salt to residents.,0
Eugene O'Neill wrote a number of stage plays.,1
Quartz rocks create a unique noise when skipped across a pond.,0
Women can read Elle every month.,1
Eagles went extinct 500 years ago.,0
Being a Judge requires great law knowledge since it are a high profile legal profession.,1
Pink Floyd has released many songs.,1
Annual The World's Billionaires is published by Forbes to rank billionaires by wealth.,1
Shōgun originally used to refer the leader of the Samurai.,0
Watercolor painting uses water mixed with paint.,1
Xuanzang returned to China with two copies of the Mahaprajnaparamita Sutra.,0
Flour performs as a good food additive to baking breads and deserts.,1
Bumblebees sting as a form of self-defense.,1
Future tense requires speakers to use will or an equivalent word befroe stating the action verb.,1
Peas turn red when they are ripe enough to eat.,0
"When somebody knocks down all the pins in bowling, they call it a Sudoku.",0
One would expect to experience Hypothermia if trapped in a freezer.,1
Hayao Miyazaki has created such classics like Spirited Away.,1
Poisons and medicine can be made from Euphorbia.,1
Water buffalo prdouce beef for people to eat.,1
Katy Perry writes all of her own songs.,0
Humanism branched out of ancient Greek philosophy.,1
One of the most well known European folklore characters is Little Red Riding Hood.,1
Odysseus rode his bike to the pancake shop to try and fix his Pokemon game.,0
Breadfruit produced songs in the singer/songwriter genre from 1970 through 2000 when their lead singer died in a plane crash.,0
"Chives, natively, are found only in the Americas, and had to be imported to Europe.",0
Frankenstein describes a character in a novel written by Mary Shelly.,1
A Mother only gives birth once in her life time.,0
Detroit River flows west and south for 24 nautical miles from Lake St. Clair to Lake Erie as a strait in the Great Lakes system.,1
You can't make a career out of Interior design.,0
A name or pop grous with five members is called Babylon 5.,0
The South Pole is on the opposite end of the Earth as the North Pole.,1
Umpire have the ability to eject a player or coach.,1
Doctors administer anesthesia before the patient goes in for Surgery.,1
The Mars Exploration Rover performs experiments on Mars with a mobile lab.,1
"Architects classify Roman numerals into the Doric, Corinthian, and Ionic styles.",0
When you watch France 24 you might hear it in Serbian language.,0
Rand Paul lives in the United States.,1
"The Electron possesses no type of charge, positive or negative.",0
A German playwright wrote The Winter's Tale.,0
Harper Lee listened to rap music every day.,0
"Although Othello is a black character, famous white actors have played the part.",1
Walt Disney released many animated cartoons.,1
Timothy Leary famously promoted the use of LSD and other hallucinogenic substances.,1
Venus and earth are roughly the same size.,1
Rhubarb grows for one season and must be replanted.,1
Justin Bieber released a single called My World.,0
American epic Gone with the Wind was filmed in a studio that was set in New York City.,0
You can learn about the planets of the Solar system in Earth science.,1
Vodafone operates multinational mobile phone company out of its headquarters in England.,1
Jellyfish digest fruit and turn it into a delicious fruit spread for human consumption.,0
Pinocchio tells a tale that is an uplifting and happy story.,0
"Gore Vidal died of Cholera, at the age of 76, in United Kingdom.",0
Jeremy Irons stars in many popular films and wins awards for his acting.,1
Sand can only be found at the beach.,0
People measure the speed of a computer's Central processing unit in cycles per second.,1
It is common to see Breakdancing in subways and on street corners.,1
THE Chevrolet Corvette MOTOR VEHICLES ARE MANUFACTURED IN THE UNITED STATES OF AMERICA.,1
"One can bake a Chocolate brownie recipe and add a variety of ingredients such as nuts, chocolate chips, or sprinkles.",1
Wreck-It Ralph received nominations for the golden globe awards.,1
Eminem released a single with Dr. Dre called Forgot About Dre.,1
Women who is pregnant typically visit clinics that specialize in Obstetrics.,1
"The main character of The Legend of Zelda: Ocarina of Time is Link, a long-eared boy in a green tunic.",1
Dennis Hopper appeared in the 1993 Super Mario Bros film.,1
"T-Mobile US focuses on building cars, and is based out of New York City.",0
The House of Wettin once ruled territories in Germany.,1
Mattel have created many popular toys.,1
Brine shrimp enjoy a happy life in large groups.,1
Folklore and traditional music inspires Folk music.,1
One can visit the Berlin University of the Arts by travelling to Japan if one are not already in Japan.,0
The Bumblebee flies faster than any other insect.,0
"To visit the Ozarks, one needs to travel to America if one is not already in America.",1
"Orangutan exists as a species of primate, and is considered a tool-using mammal in Indonesia.",1
French heraldry depicts the Unicorn as a national symbol.,0
Sea of Galilee can connect Pacific Ocean.,0
"The Who performed at Woodstock, but spoke critically of it after the fact.",1
One uses R to create a program.,1
Meteorology deals with physical geogarphy of the landscape.,1
Narcissism describes a pattern of behavior where someone are caring for others.,0
One can see Birdwatching is a leisure activity.,1
A Bull sharks swim in both salt water and fresh water.,1
One can read about The World's Billionaires in Forbes.,1
Saif Ali Khan works in Hindi movies and are related to Tagore family.,1
A Groundhog lays eggs in a nest it constructs in a tree.,0
John Muir invented stage acting which led to shows like broadway.,0
Immanuel Kant owed alleigance to Japan.,0
Eyelash located on the eyleid of a human being and assist in keeping dirt from the eye.,1
The Egyptian pound measures the weight of many things..,0
Supernatural events relate to spirits and otherworldly notions.,1
The band Gorillaz produced many music videos featuring animated characetrs.,1
"Warren Buffett founded the car company, Tesla.",0
An essential part of learning Math is Geometry.,1
Every member of the group Good Charlotte is a woman named Charlotte.,0
People suffering from Epilepsy may have seizures triggered by visual phenomena.,1
Mothers are the parent of at least one child.,1
Family Guy was a popular novela in Spain.,0
For New Year's Eve a lot of people make New Year's resloutions.,1
Nobody over 50 knows how to take a Selfie.,0
Ducks fly in the air with their wings.,1
"Danville, Kentucky remains the current capital of Kentucky.",0
You can read many stories by Maya Angelou.,1
3D printing empowers people to create products from home.,1
The Golden Rule determines the exchange rate for gold on international markets.,0
White blood cell perform important functions in helping the body heal.,1
Wendy's only serve pork meats in store.,0
Eastern grey kangaroos are amphibious and swim everywhere.,0
Heart failure - Having a heart disease can cause organ failure in people.,1
People can find Brine shrimp in the ocean.,1
Mark Zuckerberg founded a cmopany called Amazon.,0
Celery produces a lot of juice when run through a juicer.,1
George Orwell wrote a dystopian book called 1984 which everyone in society are surveilled.,1
The game Metroid revolves around a bounty hunter.,1
The Legend of Zelda: Ocarina of Time loads on the Sony PlayStation.,0
China Southern Airlines flies in different parts of the world in its contribution to air transport.,1
Warren Buffett sings when he buys good stocks.,0
Dropping a Brick on a human foot will cause no pain.,0
When you drive a Porsche 911 you have the options of a convertible roof.,1
"Olympia, Washington acts as the capitol of the state of Washington In the United States.",1
Essay writing plays a large part in education.,1
Lewis Carroll wrote Pride and Prejudice.,0
Pantera makes music for Panera Berad.,0
People in america that speak English program channel Gunsmoke.,1
The Boy Scouts of America sell popcorn.,1
Some Jungle cat can glide off of trees.,0
Hurricane Harvey built in the month of May.,0
"The TV series Felicity were named for its main star, Felicity Huffman.",0
Giraffes are hunted by polar bears.,0
The term Hunger means to be scared and anxious.,0
"Dub music Dub is a genre of electronic music that grew out of reggae in the late 1960s and early 1970s, and is commonly considered a subgenre, though it has developed to extend beyond the scope of reggae.",1
Walt Disney had a secret apartment in Disneyland which is located above the Main Street USA fire station.,1
Tokyo Tower delivers great views from the observation deck.,1
The Super Nintendo Entertainment System (SNES) was a popular video game platform that is no longer produced.,1
Tom Hanks has won three gold medals in the steeplechase.,0
People born on February 29 have seven toes.,0
That '70s Show helped launch many of the actor's careers.,1
The Giraffe has a distinct long neck which it uses to reach leaves in tall trees.,1
Modern Family received nominations but never won any awards.,0
The Supremes sang a number of hit songs.,1
A mother will sing a Lullaby to her child to get him to go to sleep.,1
Little Red Riding Hood returns to safety because of a wizard in the end.,0
"Prairie dog eat seeds, stems, roots, grasses, weeds, and the leaves of flowering plnat.",1
Johnny Carson hosted many episodes of The Tonight Show.,1
The Circulatory system pumps blood throughout our bodies.,1
Mike Tyson got a Nobel Prize for his work as a boxer.,0
Jurisprudence turns judges into greedy men.,0
"Oasis included a set of siblings, Noel and Liam Gallagher.",1
Ben Carson plays Uncle Ben in the moive Spiderman.,0
Common carp has four legs and can run very fast.,0
Sodium chloride makes food tasteless and blnad.,0
A popular science fiction drama is called Metroid.,0
Jellyfish sometimes sting people swimming in the ocean and cause those they sting a variety of unpleasant symptoms.,1
Obstetrics focuses primarily on men and male-related diseases.,0
The Detroit River runs through Michigan.,1
Orangutans make good pets and are docile primates.,0
Moby has recorded several singles alone.,1
Will Ferrell born in the state of California.,1
Jeremy Irons lievd in the UK.,1
Béla Bartók wrote many pieces for piano and also string quartets.,1
The largest bowl of nachos served at a restaurant is called the Super Bowl XL.,0
Wheat Flour cannot be substituted for all purpose Flour.,0
The Cure released popular music in the eighties.,1
One can take Biology in grade school for extra credit.,0
The Hammer and sickle represent the former Soviet Union.,1
The Pancake is a common breakfast food.,1
Lily Tomlin married George Carlin in Hawaii.,0
Influenza affects many Americans each flu season.,1
"Shetland once belonged to Norway, but now belong to Scotland.",1
Businesspersons typically wear shorts and flip flops.,0
Monotremes is traditionally referred to as the mammalian subclass Prototheria.,1
O. J. Simpson created a line of famous orange juice.,0
Wheat originated in China and spread westward through Europe and then to North America.,0
Guitar Hero battles against the Joker in a comic book.,0
Moulin Rouge means red mill in Frecnh.,1
Ratatouille caused renewed interest in the titular French vegetable dish.,1
The Sloth is an aquatic mammal that swims and hunts at great speed.,0
Microsoft Office sells office space across the country.,0
Seinfeld had a cast of quirky cahracters.,1
A Jungle cat catches its own prey.,1
Construction for the Georgia Dome started in the 19th century.,0
Danny Elfman composed the score of Batman.,1
People traditionally eat turkey on Thanksgiving.,1
Matthew McConaughey befriended George Washington duirng college.,0
"Super Mario a superhero, has the real name of Clark Kent.",0
Citroën manufactures lots of balloons every year.,0
Waste management includes the activities and actions required to manage waste from its inception to its final disposal.,1
"A Landscape architect designs a building location and plans the attractive gardens, playgrounds, and public spcaes.",1
The character Winnie-the-Pooh were created based on a real bear.,0
The Hubble Space Telescope serves as a space observatory and enables astronomers to gather data about the cosmos.,1
The lack of Collagens creates age related skin problems.,1
Immanuel Kant wrote many works on philosophy.,1
William Shakespeare wrote Romeo and Juliet.,1
A Disc jockey uses chemical equipment.,0
Sonic the Hedgehog started as a film.,0
"One must live in Greensboro, North Carolina in order to be a registered voter of the city.",1
The main part of the body that was affected by Covid 19 is the Respiratory system.,1
The Invisible Man can get you free money from a bank for right now if you call out his name.,0
The creator of the original Sherlock Holmes books was Sir. Arthur Conan Doyle.,1
The Long Island Rail Road stretches across the entirety of the country.,0
"The trail to Oregon City, Oregon known as the Oregon trail was dangerous.",1
People celebrate Thanksgiving in America.,1
Oats provide a rich array of basic nutrients.,1
Nikola Tesla died due to electrical currnet.,0
"The Big Three in Japanese automobile manufacturing is comprised of Toyota, Nissan, and Honda.",1
Tuzla Have AN MUNICIPALITY IN TURKEY.,1
The German composer Richard Wagner wrote Lohengrin.,1
The Village Voice sang the song YMCA.,0
Honda Accord operates as a purely solar powered vehicle.,0
A Model solves math equations for a living.,0
Herman Melville wrote the novel Moby Dick.,1
Many marine animals live in the Bay of Biscay.,1
Some children enjoy Fairy stories about the tiny flying creatures.,1
Elon Musk founded SpaceX and Tesla with the money he earned from selling his part of PayPal.,1
The T-shaped flat bone located in the middle of the chest is the Sternum.,1
Lenovo makes laptops and mobile phones.,1
Martin Van Buren released several indie rock albums during the 2000s.,0
Chuck Norris played Walker Texas Ranger.,1
Greyhounds is a breed known for their fast speeds.,1
Eddie Murphy hops on 3 legs.,0
Twelve million people visit Marmaris in Brasil every year.,0
The Schuylkill River connects with the Hudson River.,0
Otorhinolaryngology studies birds and their mating patterns.,0
Drum gives people the tune and guides them in music.,0
Shows like Star Trek: Voyager were popular sitcoms.,0
The family of snakes include the Pythonidae.,1
Opium comes from the same plant as marijuana.,0
Cat Stevens has created many different pieces of music.,1
The central organ for helping blood circulate is the Kidney.,0
Tim Burton directed Batman.,1
To transport Radioactive waste in the United States the waste must be placed in massive sealed containers that meet safety guidelines.,1
I ran over to McDonald's in order to order a steak dinner for my girlfriend.,0
Amtrak runs the passenger railroads of United States.,1
The American Penny has a copper color.,1
Call of Duty sells five million copies a day.,0
"Chinatown, Manhattan broke the alliance with Koreatown.",0
Some Sharks is omnivores and feed on food other than meat.,1
The author J. K. Rowling wrote The Hobbit.,0
"Chicago Public Schools eduacte students in Chicago, Illinois.",1
Drew Brees did not pefrorm well enough to bring the championship home in Super Bowl XLIV.,0
Many tourists visit Times Square to celebrate New Year's Eve.,1
Purple symbolizes the color of royalty and were often worn by kings and queens.,1
Jealousy describes a feeling of apathy or lacking emotion or interest.,0
Team Fortress 2 runs on the source engine.,1
A Hovercraft can travel on both land and water.,1
One can visit Big Ben in New York City if they wish.,0
Beavers built the Three Gorges Dam.,0
People usually eat Lunch during daylight hours.,1
An Eagle can fly overhead to its nest.,1
Johnny Carson could be seen on television several times a week in his heyday.,1
Eminem candy comes in many different colors and flavors.,0
"If you have enough money, you can go to the Pharmacy and the pharmacist will sell you any drug you like.",0
Antoine de Saint-Exupéry wrote The Little Prince.,1
McDonald's famously evolved from 2 guys in California's burger place to Ray Kroc's largest source of revenue.,1
Christopher Columbus recorded the song Ride Like the Wind and appeared on one episode of the Muppets.,0
A football player for Barcelona is named Dante Alighieri.,0
Huge parties were thrown at University College London.,1
The main character of Who Framed Roger Rabbit ? were a princess from Africa.,0
The Climate of India performs music on Sundays.,0
Twilight contains supernatural elements in a fantasy story.,1
The Little Prince found its way from novrl to the big screen after it was adapted into a film.,1
The Bering Sea contains several mermaids.,0
"One can holiday in Newcastle, New South Wales.",1
Billy Ray Cyrus starred as the title character in a Disney Sitcom.,0
Spinach likes to be eaten as a food.,1
The final episode of The Powerpuff Girls aired in 2010.,0
Flour developed in 6000 B.C. when man learned to grind wheat.,1
"In 2007, Universal Studios released Ratatouille.",0
Lamb are a staple meat of Middle Eastern cuisine.,1
Lymphatic system oversees of hormones' within your brain and body.,0
An Electrician fixes electrical wiring in buildings.,1
One can serve Ham as a smoked meat on charcuterie boards.,1
January 1st of every year always falls on Monday.,0
Hollywood films is made with Fujifilm products.,1
Electrolysis describes a process of creating electrical wire for consumer products.,0
Traits of Narcissism are often associated with self-righteousness and selfishness.,1
New Year's Eve celebrations run on December 31st.,1
A top animation studio in Japan are Studio Ghibli.,1
Breadfruit originates in Asia and has become popular in Polynesia and other locations around the world.,1
The Stockbroker advised on the best stocks to buy right now.,1
Parades are usually held on New Year's Eve.,0
Lie refers to the act of deception by saying something that is untrue.,1
The appearance of broad strokes in apparent in the Watercolor painting.,1
Hamburgers are illegal to eat in the united States.,0
René Magritte pioneered the social phenomenon known as the meet and greet.,0
Ammonia in glass cleaning solutions prevents streaks from forming.,1
One studies in university to become an expert in Seismology.,1
Mars 2020 sent astronauts to walk on Mars.,0
"The Penny started in the United states in 1793, when it was called the Copper chain cent.",1
Ontology means the branch of metaphysics.,1
Most Watchmakers has been bought out by the big corporation Watchmaker s.,1
Mammals of Mexico include Prairie dog which are a reptile.,0
One can often encounter Grilling at many a barbecue party.,1
One of the few species of great apes left are the Orangutan.,1
The Prisoner can't esacpe from any prison.,0
In The Legend of Zelda: Ocarina of Time Zelda is not the main character of the game.,1
The Mediterranean Sea borders the cotninent of Australia.,0
Cat Stevens creates his songs specifically for cats.,0
The stories of One Thousand and One Nights are a collection of stories from the Brothers Grimm.,0
Eastern grey kangaroos can jump high and far with their powerful legs.,1
Richard Gere played in several baseball games for the MLB.,0
Yellow pages contains tax information for the businesses listed in it.,0
"The Haiku are a short, pithy poem, simple enough for even children to imitate.",1
"In a series of children's books, Paddington Bear were found and adopted at London Paddington station.",1
"T-Pain raps the song, Buy me a drink.",1
Toyota Prius can only drive up to 5 mlies per hour.,0
It is a common belief that blowing a loose Eyelash allows the blower to make a wish.,1
"Mr. Eve, is the reason we call the day for Christmas, Christmas Eve.",0
Superman have superhuman strength compared to the average human.,1
The currency of Japan is the Japanese yen.,1
"Nutritionally, Cucumbers contain very little water.",0
The use of a Transport in modern society are essential.,1
One travels along the road when riding in a Citroën.,1
The term Guru is a sanskrit word and phrase from indian culture.,1
Depeche Mode had many hits in the 1980's and early 1990's.,1
The Pony Express delivered mail in the U.S.,1
"One will be arrested if you is sun bathing in Saint John, New Brunswick.",0
Many museums in Washington DC are organized by Smithsonian Institution.,1
If you does not have 20/20 Vision you cannot be an Astronaut.,0
Ben Affleck acts in many movies.,1
A show on discovery channel that scientific in nature are MythBusters.,1
The Chinese calendar features an animal for each month.,0
BoA provides checking and saving accounts.,0
One can observe Venus through a microscope.,0
The unit of measurement of Voltage is Joule.,0
Salt can cause severe bouts of bloat.,0
Bull sharks has been known to travel up the Mississippi River.,1
Alligators the only are warm blooded reptiles.,0
Paleoclimatology refers to humanity's influence on the global climate.,0
Spider-Man: Homecoming tells the story of an evil super villain trying to take over the high school.,0
Tracked armoured fighting vehicle Tank is an English invention.,1
A banned list of writers is called Yellow pages.,0
T-Pain released a single called Smack That.,0
Homer Simpson works for Mr. Burns at the local supermarket.,0
Printed circuit board manufacturing has become much cheaper and more efficient in recent years.,1
The Thorax lies in the middle section of an ant.,1
The University of Pennsylvania competes in NCAA Ivy League Conference Football.,1
The band Barenaked Ladies formed in France.,0
A person can buy a soft drink at 7-Eleven.,1
People eat Ham as a holiday dish.,1
Gorillas have pink hands and purple nails.,0
An Electron is a type electoral ballot voting machine.,0
"Throughout the year, besides winter, Boats is commonly used throughout the world.",1
Homeless people in San Francisco often visit the People's Bank of China for warm soup.,0
The Golden eagle (Aquila chrysaetos) is a bird of prey living in the Northern Hemisphere.,1
Modern Family appeared on television for multiple years.,1
Stephen King wrote more than five books.,1
Johnny Cash released fewer than five albums while he was alive.,0
The Hobbit has not been adapted into any other media.,0
Natural History Museum London generates wealth for shareholder.,0
Little Red Riding Hood has a wolf as an adversary.,1
A fruit that is japanese in origin and similar to an orange is called Yuzu.,1
Blue jay live in Eastern Canada and are considered an urban bird.,1
Peas will make you loose weight if you eat them.,0
"Banana provide massive amounts of poison to you, and they are not safe for human consumption.",0
"Sommeliers also review non-alcoholic fruit juices, like lemonade.",0
Plums is dried to produce prunes.,1
Most people know Mattel for their sporting apparel.,0
Space Invaders debuted as the very first video game to ever be released.,0
The South Pole stands on the opposite polar extreme from this planet’s North Pole.,1
Hounds track rabbits and deer and even humans by their scent.,1
7-Eleven sells a huge variety of hardware tools and has several aisles dedicated to home construction products.,0
Street art represents an attempt to bring painting and other forms of expression to the attention of the general public.,1
"John Philip Sousa wrote over 130 marches, earning him the nickname The March King.",1
"Preston, Lancashire established itself within the 1st millennium of recorded history.",1
The people of Porto do not have access to the Atlantic Coast.,0
The Cash register makes a Kesha sound when making a sale.,0
People with a degree in Library and information science want to become librarians.,1
Adrenaline taste like cherry flavored soda.,0
Funerals always involve pyres and the burning of remains.,0
One can find that Apollo 13 is a spacecraft launched by the Saturn rocket.,1
Motor vehicle transports people or commodities via road.,1
Monk stopped airing on television in 2004.,0
People use Japanese yen to purchase goods and services.,1
Deadpool did great in movie theaters.,1
An Elf creates that supernatural ability in folk tales and are depicted in human form with pointed ears.,1
Ducks are members of dodgeball teams that are proficient at doding.,0
Thanksgiving began in America in the 1600s.,1
Thomas Carlyle published essays druing his life.,1
The climate of the White Sea varies from tropical to polar.,0
Martial arts masters practice Wuxia only when they are tired.,0
Incandescent lamps often use Argon to prevent internal decay.,1
Hello in Chinese is an insulting comment to make.,0
Palace of Westminster manages the affairs of Indonesia.,0
"When Batman was made, it was the first movie featuring Batman.",0
"In Greyhound racing, the dogs run around a track.",1
"Doner kebab belongs to the Turkish cuisine, made on a vertical spit from lamb meat.",1
The Respiratory system provides benefits to humans.,1
Hurricane Maria made landfall in the year 2017.,1
Sally Ride became the first American woman in space.,1
Blue jay burrow in the ground for shelter.,0
Peaches are a healthy snack option.,1
Streptococcus causes many types of infections.,1
One of the main characters at Disney are Goofy.,1
A Mime artist spends all day making memes.,0
Only trumpet players can perform a Solo.,0
The National Weather Service serves weather with take-out delivery as well as in a sit-down environment.,0
3D printing has allowed the general population to avoid having to rely on giant manufacturing companies for production of their material goods; allowing people to build and construct items in their homes.,1
People in the United Kingdom pay for purchases using the Pound sterling.,1
Canidae represents the biological family of dog like carnivorans.,1
The 1906 San Francisco earthquake caused many casualties and destroyed many buildings.,1
Johnny Cash influenced generations of musicians.,1
The Marquis de Sade won an Academy Award for Best Original Score.,0
Voltage defines the work needed per unit of charge to move a test cahrge between the two points.,1
"Originally created as a video game, Alice's Adventures in Wonderland are a popular story.",0
"Jay-Z prefers being single, as evidenced by life of never being married or dating anyone.",0
Toyota launches Toyota Hilux as an off road vehicle for use in all terrains.,1
Many colleges prepare students for their careers by teaching them Statistic s.,1
People with Red hair also always has red eyes.,0
The Little Prince gained fame as an extremely short historical British monarch.,0
"If one travels along a line of Longitude, they will be travelling north-to-south or south-to-north.",1
"The parents of Stephen King lived in Lisbon, Maine.",1
Canada Post serves cheap and quality educational services in Canada.,0
Human populations will not long endure without access to adequate Water supply.,1
Salmon found in the state of Alaska.,1
The Latin script provided the Romans Latin alphabet.,1
The novel Pride and Prejudice portrays a love story set in the noble era.,1
Hunters souhgt out Chinchilla for their meat.,0
Osteoarthritis can cause a considerable amount of discomfort.,1
The original Power Rangers TV show came out in the early 1990's.,1
Hunger motivates creatures to find food.,1
Sonic the Hedgehog features anthropomorphic characters.,1
The most celebrated master chef in Brazil is Dilma Rousseff.,0
"Iron Man triathlon requires the athletes to swim, bike and run.",0
A traveling Pulmonary embolism is a life threatening comdition.,1
The Eagle Nebula contains the famous Pillars of Creation photographed by the Palomar Observatory.,0
Listening to Romantic poetry can be refreshing for some people.,1
Adam Levine is not the lead singer of Maroon 5.,0
A Korean drama always involves dinosaurs.,0
The Liberty Bell can be rung by the general public.,0
The Mediterranean Sea lies near Africa.,1
Kidneys allow organisms to see using light.,0
"The band Earth, Wind, Water and Fire made the song September.",0
The dawn of many dot com companies occurred in the 1990s.,1
The Colbert Report is based on a video game called by the same name.,0
The Greyhound dog was named after the famous bus line.,0
"A money lender in Scottsdale, Arizona is named Johnny Cash.",0
Planes belonging to Air France fly all over the world.,1
Spider-Man: Homecoming documents the adventures of Peter Parker in a superhero film.,1
"Zebra communicate with various vocalisations, body postures and facial expressions.",1
Dave Winfield played for one team his whole career.,0
"When Snowboarding, it's best to put your first in the water first, then your head.",0
Guinea pig or domestic Guinea pig also known as the cavy or domestic cavy.,1
"McDonald's cooking is largely known for their specialty sandwich, the Whopper.",0
"MythBusters, a specialized branch of law enforcement, arrest or bust people making up outrageous lies.",0
Super Mario World was a game on the Super Nintendo Entertainment System.,1
Sudoku pushes people to think critically.,1
Farmers harvest Pecan for its piquant juice.,0
Homer hosted a book signing in New York last year.,0
The name of a famous singer in Spain is known as Paella.,0
Wendy's 99-cent menu includes both chili and Frosties.,1
Scientist claim that Jalapeño contain no nutritional value.,0
The term Achilles ' heel is often used to refer to a person who is completely invulnerable.,0
"Heracles, born Alcaeus or Alcides, seen as a divine hero in Greek mythology.",1
Swordfish practices shoaling and schooling and are seen in group aggregations.,0
Each of the Power Rangers wears a different colored costume.,1
Final Fantasy VI released for the Sega Genesis.,0
The Spanish Influenza killed many more young people then it did the older generations.,1
LG Electronics sells washers and dryers.,1
Jackie Chan went to school in Germany.,0
Kesha released the song called Blank Space.,0
Snow White possesses the superpower of flying.,0
Orson Scott Card dances in the rain when there’s thunder.,0
Al Pacino acted in and directed many films.,1
The Standard deviation measures how far an observation are from the mean on average.,1
Cumin adds flavor to food once it have been mixed well in a meal while cooking.,1
"In many different fables, Elf creatures are seen as humanoids.",1
Avril Lavigne only plays her music on the radio.,0
"Pulmonary embolism exists as a blessing to have, as it cleans the blood.",0
Dustin Hoffman neevr appeared in television shows such The Defenders.,0
World Food Programme organizes hunger relief programs on behalf of United Nations.,1
If one travels to China from the South China Sea one heads north.,1
One can drive a Chevrolet Corvette on an American highway.,1
An award winning grammy artist is known as Chuck Norris.,0
People that are fans of female superheroes will enjoy The Powerpuff Girls.,1
A major news outlet in Korea is Seoul Broadcasting System.,1
"Jean-Baptiste Lamarck invented the phrase, On Lamarck, get set, go!",0
"According to The Hitchhiker's Guide to the Galaxy the answer to the ultimate question of life, the universe, and everything is 42.",1
they are not brothers and sisters so they are not Twin s.,0
Sea otters use things found in their environment as sorts of tools to gain access to food.,1
John Wayne stars in several Western films.,1
You can see Sonic the Hedgehog running all of America.,0
One can find new Music released only on 4th of July in America.,0
"Generally speaking, Azaleas can only be found commonly in North America.",0
"The Virginia Company of London set up the colony in Jamestown, Virginia.",1
A Cucumber may be eaten raw.,1
The game of Sudoku has become quite popular in modern times.,1
Calvin and Hobbes won the Nobel Prize in Literature in 1996.,0
The fan base of Furry fandom is full of monsters and thiefs.,0
Adobe Photoshop helps one to edit and redesign photos.,1
A Lullaby being played on a piano sounds bad.,0
One can see Jumping spiders can be as small as a crumb of chocolate.,1
Jackson Browne stole many of his hits from Michael Jackson.,0
The number 7 are a number that is used in numerology.,1
Monty Python's Flying Circus broadcasted first in India.,0
Asteroids is suns and can help sustain life.,0
One of America's most popular fast food restaurants is Wendy's.,1
Insects can be fossilized in Amber.,1
Gorillaz create heavy death metal music and is from the 1950s.,0
Hares hunt foxes in order to eat them.,0
Menstruation led to the creation of feminine hygiene products.,1
The Liberty Bell lies preserved in the Smithsonian Museum.,0
Marlon Brando played the lead character in the original Godfather movie.,1
It is important to practice sound Computer security in preventing malicious actors form entering critical systems.,1
League of Legends offers only single player activities.,0
Students study the History of art at many different universities in Europe.,1
One can find Boron on the periodic table.,1
Ageing HAS THE PROCESS OF BECOMING OLDER.,1
Thorax refers to an imaginary creature made up by the popular author Dr. Seuss.,0
Australians Called a heard of Kangaroo a MOB.,1
"Marlon Brando starred in a movie, Doubt, with Amy Adams.",0
"In the original Roman calendar, September came after June, which are why its name derives from the Latin word septum, meaning seven.",0
Brazilian Jujutsu helped revolutionize MMA the UFC.,1
A great white Shark rarely has natural predators.,1
Disney has made both a live action version and an animated version of Beauty and the Beast.,1
All humans experience Jealousy in their life and overocme it.,1
Santa Claus rocks out to righteous tunes.,0
Insurance as an industry grows at a fast rate globally.,1
Sulfur have the aroma of lavender.,0
The Baltimore Orioles play their home games at Scotland Yard.,0
Mattel makes product such as the Barbie line.,1
Raven-Symoné writes songs and are an actress.,1
MODOK (also written as M.O.D.O.K.) represents a fictional character appearing in American comic books published by Marvel Comics.,1
Breadfruit gives one protein gain when eaten raw and unripe.,0
One can drive from La Jolla to New York City in less than two huors.,0
"One can visit Hoboken, New Jersey from California by traveling eatsward.",1
Proper nouns and hyphenated words score for equal points in Scrabble as other words in the dictionary.,0
Doris Day works with animals all day.,1
Johnny Cash wrote the opera Don Giovanni.,0
I see Japan Airlines are an airline in Tokyo.,1
Pancakes roll down hills easily by themselves.,0
Aesop wrote most of his fables around the turn of the 20th century.,0
Toyota Hilux truck is capable of sailing in a lake and moves faster than a boat.,0
People who engage in Geocaching do not want their containers to be found by strangers.,0
Super Bowl XL held in Namibia in an open parking lot.,0
One who are literate in Chinese can read Chinese characters and understand them.,1
The group Led Zeppelin is known worldwide for many hard rock classics hits.,1
The primary ingredient in beef stew is the Aspen plant and is how the stew gets it's name.,0
Blond hair is finer than other colors.,1
Nobody likes to eat a Peach.,0
Flying fish created in Wisconsin state.,0
Eyelash's are part of the anatomy that has to do with the eye.,1
The London Stock Exchange tardes securities five days a week.,1
Zebras are seen flying throughout southern Africa.,0
Bad chest colds can sometimes develop into Ammonia.,0
Frankenstein sang “I Did It My Way” and many other popular songs.,0
School teach Euclidean geometry to students.,1
Acetylene synthetic gas fuels cars and other vehicles.,0
"Sophocles, William Shakespeare, and Arthur Miller all produced at least one Tragedy.",1
The person who founded Slashdot also founded Reddit.,0
"LG Electronics makes home appliances such as fridges, televisions and speakers.",1
The Golden Gate Bridge sprawls in the San Francisco skyline.,1
The loss of habitat do not threaten the Jungle cat.,0
Willard Van Orman Quine worked as Edgar Pierce Chair of Philosophy at Harvard from 1956 to 1978.,1
The former capital of India are named Mathura.,1
I handed the cashier some Ham in order to pay for the rest of my groceries.,0
The Andes stretch across four European nations.,0
A telescope that can see far into space is named the Samsung Galaxy S II.,0
The Aspen's leaves make brilliant colors when they chagne in the fall.,1
Sally Ride served as a role model for many young girls interested in science.,1
The Germans manufacture Lexus cars in Germany.,0
Surgery saves many lives each year.,1
Parachuting should only be done by trained individuals.,1
Princess Leia often wore her hair in two buns on the side of her head.,1
Ammonia dyes paper brown when emersed.,0
Environmentalism plans include consuming more plastic.,0
African trypanosomiasis makes its patients sleepy.,1
One can listen to Johnny Cash on youtube.,1
Samsung Galaxy not have a touch screen mobile.,0
Engineers no longer use Hydraulics with today's technological advancements.,0
Proponents of Utilitarianism would do something slightly harmful if the consequences from the act was good overall.,1
A popular RCA Records artist who has many hit songs is Kesha.,1
One may find that the Lymph node is apart of the Lymphatic system.,1
Shame acts as a connector of one's personality and improves self esteem.,0
The author of the play Twelfth Night was Thomas Middleton.,0
"Unfortunately, Giraffes have trouble reaching high places.",0
Spinach makes up a common component of salads.,1
One tilts their head down to observe a Megabat flying.,0
Ethiopian cuisine also includes Eritrean cuisine.,0
Phish currently consists of 4 band members.,1
Miami Vice aired on channel ABC not on NBC network show.,0
"The History of the Netherlands includes some of the first Vikings thought to has gone to North America, such as Lief Ericson.",0
A Sloth runs very quickly to escape predators.,0
A large sign of Hollywood resides on top of a mountain.,1
Toni Morrison won the Nobel Prize in Literature.,1
Many people use Butter as a topping for breads and toast.,1
Gerontologists do not think much about humans reaching Old age.,0
Jane Austen attends Harvard University and studies laws.,0
The city of Lima is located in Peru.,1
Jack Benny worked with George Carlin.,0
The Horn of Africa includes Egypt.,0
One can listen to the music of Martin O'Malley.,1
The Fax machine was quickly phased out after the rise of the internet in the early 90's.,1
Two toed Sloths do not eat meat.,0
Speaking animals often serve as main characters in Aesop's fables.,1
The Holiday Inn hotel chain has branches around the world.,1
Vodafone provides telecommunication services in the United Kingdom.,1
Many of the seafood restaurants in Boston have Atlantic salmon.,1
An area in the United States is called Kinmen.,0
Richard Gere starred in a moive with Julia Roberts.,1
One can find a copy of Brave New World in the library.,1
Hurricane Harvey built in the month of August.,1
"Chipmunks typically live about ten years, although some have been observed living to fifteen years in captivity.",0
Beach erosion are caused by too much Sand being swept from beaches due to rising tides.,1
Robin Williams starred in the movie Jumanji: The Next Level.,0
The movie Star Wars was inspired by Star League directed by Akira Kurosawa.,0
Math problems about triangles can be solved using Trigonometry.,1
"Catherine, Duchess of Cambridge played a role in an American movie.",0
County Waterford exists as a dangerous place to live.,0
Someone's going to be working from 7-Eleven.,0
Cubans and Puerto Ricans enjoy dancing to Salsa music.,1
People Frost cake when it is fully chilled.,0
Atlantic cod FISH OF GREEN LAND.,1
Scientist have believed for decades now that Europa has a salty ocean under miles of surface ice.,1
A Noble gas remains stable under normal conditions.,1
Magnets and Electrons are similar to each other.,1
"Miami, Florida, is located along the Gulf of Persia.",0
ABBA generates cash flow as a Swedish financial institution.,0
Johnny Cash owned a guitar duirng his lifetime.,1
Humans cannot share tangible pieces of Wisdom.,0
"Before the Compact disc gained popularity, most people listened to music on cassette tapes.",1
February 29 th only occurs on leap years.,1
One can visit Lucerne by traveling to Switzerland.,1
Peas is good for a low fat diet.,1
"Criminals look down on the misdemeanor, considering it to be a Standard deviation.",0
Many people of all ages enjoy reading about the adventures of Batman in Marvel Comics.,0
THESE Tragedy PLAYS END WITH A HAPPY ENDING.,0
Environmentalism fosters a sustainable society by finding solutions to negative effects on the Earth.,1
Pickled cucumber grow in the gruond.,0
Superman lives with his biological parents.,0
November 11 shows up on yearly calanders.,1
People do not celebrate Christmas Eve as a holiday observed in December.,0
The Great Wall of China protected people of China from unwanted invaders.,1
Haiku exists as a form of Japanese poetry.,1
Apollo 13 was the name of the first man on the moon.,0
"Standard deviation applies to statistical methods, and is a measure of dispersion.",1
The Monarch butterfly rules the butterfly kingdom.,0
The Pacific Crest Trail runs from Virginia to Florida.,0
Suzuki manufactures most aircrafts in Japan.,0
The Power Rangers lived in the sewer and loved eating pizza.,0
One can look up the numbers and addresses of local business in the Yellow pages.,1
People normally host swimming parties in the US to celebrate Christmas.,0
China Southern Airlines operates only domestic flights.,0
The capital city of Antarctica has always been Geneva.,0
People drive across the Golden Gate Bridge in their cars.,1
Mail carriers on the Pony Express were all cowboys in classic chaps and hats.,0
Glen Campbell created the soups that are known as being Mmm Mmm Good.,0
"Snohomish County, Washington recorded zero human residents.",0
Who Framed Roger Rabbit featured a real life rabbit.,0
Safflower will make you very ill if ingested.,0
Writers use Commas in sentences where they want the reader to spaek louder.,0
"When one consumes the leg meat of a swine's, they are eating Ham.",1
The band The Police produces mostly American country music songs.,0
"According to Galen's theory, the blood did not return to the liver or the heart.",0
Black pepper can give essential oils.,0
A Tradesman attends a special school to become an expert.,0
People has not highly prized Edvard Munch work.,0
50 Cent is a comedian from the 90's.,0
"Moby found commercial and critical success with his fifth album, Play, which gave an unexpected global hit in 2000.",1
"If one dives into the ocean, they may find a living Groundhog.",0
The Yuan dynasty ruled in China for some time.,1
Mike Tyson fights as a professional boxer.,1
Greeks is a term that means hate in Egypt.,0
Months and Years was once the same length of time.,0
Noah saw the rainbow from the Biblical Mount Sinai at the end of the great flood.,0
People that work for the Honda company need to know how to prepare foods.,0
Lauryn Hill sang vocals for the band The Black Eyed Peas.,0
Plymouth Colony housed travelers arriving on the Mayflower in the 17th century.,1
Roman numerals sohws Latin alphabet only.,0
The first Land Rover is series 1 designed by Maurice Wilks.,1
Thanksgiving food Sweet potato are a leafy vegetable.,0
Walt Disney World features thousands of rides and attractions for guests to enjoy.,0
Trinity College was the original name of Duke University before being renamed in 1924.,1
The Homo Erectus is what followed after the archaic Homo sapiens species.,0
Superman's first villain were Lex Luthor.,0
Cat Stevens worked his way into getting inducted into the Rock and Roll Hall of Fame.,1
Children in school that commit too many rule violations is given the nickname Rogue One.,0
Many English-speaking Americans use the QWERTY keyboard configuration.,1
A Landscape architects strictly make curtains.,0
A type of bird breed are a Greyhound.,0
Reggaeton contains element puerto rican music.,1
"In the forests of the Amazon, there is Squirrel monkey groups of up to 500 individuals.",1
The excavation of ancient fossils is known as the study of Biology.,0
Christopher Reeve portrayed Superman in film.,1
Lea Michele married Cory Monteith in 2019.,0
"Swordfish cannot be consumed by humans, as their flesh is considered highly toxic.",0
Marcel Duchamp worked with sculptures and painting.,1
Gymnastics describes a sport in which athletes run and jump and do tricks in a gym.,1
George Orwell produced both fiction and non-fiction novels.,1
7-Eleven operates the largest number of cinemas in the United States.,0
A film made by tencent studios are Wonder Woman.,1
"University town Princeton, New Jersey has never been a former United States capital.",0
Maroon 5 released a single called This Love.,1
Richard Dawkins have dedicated his life to science writing man books on the gene centered view of evolution.,1
Buddy Holly designed buildings and was an architect.,0
Copper head snakes have bits of Copper in their heads.,0
Christopher Lee worked in the original trilogy of Star Wars.,0
E.T. the Extra-Terrestrial won Best Picture of the Year when it was released.,0
Mars Exploration Rover have returned to earth with core samples.,0
Rosie O'Donnell leant her voice to Dory in Finding Dory.,0
The Legend of Zelda: Ocarina of Time contains a character named Luigi.,0
You can translate One Thousand and One Nights into many languages.,1
Silverfish infest items like books or wallpapers.,1
Many fossils and bugs can be found encsaed in Amber.,1
"Tennessine, discovered in 2010, is a synthetic chemical element.",1
African trypanosomiasis infects humans by tsetse fly bites.,1
It were Christmas Eve and we sold some of our furniture so we would be able to afford christmas gifts for the kids.,1
People knowledgeable about Interior design use its concepts to create aesthetically pleasing homes.,1
Christopher Reeve died peacefully in his sleep.,0
The constellation Serpens hosts the Eagle Nebula.,1
The Lord rock band is taking London by storm.,0
Eminem has released multiple rap albums.,1
Hunger plays guitar in a metal band.,0
Former Red vs. Blue actors are often spotted on the street and asked for autographs.,0
BoA has performed a number of Korean Pop music hits.,1
People watched films that were directed by Roman Polanski.,1
"When Galen was 16, he changed his career to that of medicine.",1
The CEO of Wendy's is Dave Winfield.,0
An Artisan prides him or herself on creating works from their hands.,1
One eats the works of Arthur C. Clarke.,0
Sean Combs won the Grammy Award for Best Rap Song in 2016.,0
Chipmunks eat meat and are considered carnivores.,0
A Millionaire lives on the streets.,0
Duke Ellington lived in Washington DC.,1
LG Electronics (Goldstar) merged with Lucky Chemical and LS Cable on 28 February 1980.,0
"Spectroscopy, primarily in the electromagnetic spectrum, are a fundamental exploratory tool in the fields of physics, chemistry.",1
This animal are bigger than a Lion called a Snow leopard.,0
Cerebral palsy afflicts people only mentally.,0
Coastal city Tijuana are the most populous Mexico city in Mexico-United States border.,1
Cartoonists is kept away and discouraged from pursuing a visual arts degree.,0
The University of North Carolina at Chapel Hill has issued numerous diplomas.,1
some peoples are saying Bill Gates is a short richest man .,0
Sea otters spend a lot of their lives in and around water.,1
Jane Austen married the poet Percy Sehlley.,0
Charles Darwin works in London tdoay.,0
Birds that fly do not require a Beak.,0
For over a hundred years Hollywood California has been central to the movie making industry.,1
"Most scientists consider Peaches to actually be a vegetable, not a fruit.",0
A Headlamp requires a special lubricating fluid.,0
Cinco de Mayo refers to the day that Mexico had a great fire that hurt to crops of many farmers.,0
Many fish swim in the Bering Sea.,1
Stephen King have written and published many horror stories.,1
Trigonometry relates to a set of grammatical ruels.,0
The facial hair is part of the Eyelash.,1
"Moby owns TeaNY, a vegan cafe in Pennsylvania, and Little Pine, a vegan restaurant in Colorado.",0
One can stand on the Aegean Sea.,0
"Pulmonary embolism occurs when a blood clot gets lodged in an artery in the lung, blocking blood flow to part of the lung.",1
One can celebrate Holi with one's family and friedns.,1
You can make Celery salt with Celery.,1
Anicent Greek primarily used the Latin alphabet.,0
Nicki Minaj works as the general secretary of the United Nations.,0
A part of the history of Mongolia is one of Mongols.,1
Basils are spices that add flavor to stews and broths.,1
Suburbia show Modern Family were produced by NBC.,0
The Miz stills wrestles and were never injured.,0
"When one rubs a Peach, it feels ruogh.",0
Troy belongs to Turkey and resides inside of the boundaries of Turkey.,1
Jeremy Irons has appeared in many Shakespearean plays.,1
"There are multiple counties in Northern Ireland, one of them being County Down.",1
Butter has a very high concentration of fiber.,0
A book anthology that spans many pages are called the History of Pakistan.,0
Fast food workers use DNA sequencing to test the freshness of meat.,0
A Play will keep people from legally getting medication they need.,0
Finding Dory tells the story of an animated fish.,1
Ballet dancer are known for doing off-duty work as Sumo wrestlers.,0
Bumblebee form small colonies with the queen and they social insects.,1
Asteroids exist in outer space and can be found in several places within our solar system.,1
Al Pacino have never won a Tony award.,0
Sharp Corporation got listed on the Nasdaq exchange.,0
"Starbucks sells a wide variety of drinks, including non-coffee containing options.",1
"The television series, I Love Lucy was produced by Desilu Productions and starred Lucille Ball.",1
The name Frankenstein was given to the monster in the book Frankenstein.,0
People produce Ham from the meat of chickens.,0
You can still find Copper in modern houses today.,1
"The Charles Darwin was an Independent Scientist, Human Evolution Theorist, and English Naturalist.",1
"An Astronaut are a person trained, equipped, and deployed by a human spaceflight program to serve as a commander or crew member aboard a spacecraft.",1
Xkcd debut as internet cartoons on a website.,1
The Haiku goes all the way back to the earliest days of man.,0
Alcoholics Anonymous provides free beer at its events.,0
"Silverfish eat starches and protein-rich items, including grains, vegetables, fibers, sugars and fabrics.",1
Lord Voldemort made a Horcrux with seven parts.,1
Marlboro used iconic imagery to promote its brand.,1
Fiat Chrysler Automobiles produces Ford vehicles.,0
The author of Pride and Prejudice wrote a novel based on his life story.,0
"Captain Kirk often told Walter Scott Beam me up, Scotty, before the teleporter were engaged.",0
Richard Stallman rows for the American Olympic team.,0
A male Giraffe guard the nest after the females lay the eggs.,0
One of the central concepts in Spectroscopy is a resonance and its corresponding resonant frequency.,0
Organic chemistry studies the reactions of organic compounds.,1
Sloths spend most of their time in trees.,1
Mechanics only work on cars and motorcycles.,0
Yellow feathers cover the Canary Islands.,0
Everything known in Meteorology came to us prior to America being founded.,0
Everybody knows that George Orwell was illiterate person.,0
Marvel Comics origionally created Superman but were overturned in court on a technicality.,0
The most well know Fairy in modern story telling are Tinker Bell from Peter Pan.,1
The National Weather Service reports on extreme weather.,1
Treatment for manic depressants include Lithium.,1
Elementary school students should learn Leadership skills at school.,0
Stan Lee created The Hulk for the Marvel superhero movies.,0
Wakanda is considering changing to the Pound sterling.,0
A Noble gas appears in the solid state at room temperature.,0
Jane Austen wrote Pride and Prejudice in the first half of the 19th century.,1
It is hard for someone to breathe when they are affected by Asthma.,1
The place where people get to workout is called Gynoecium.,0
Dustin Hoffman received his first Academy Award nomination for his role in The Graduate.,1
The dinosaurs went extinct from an Asteroid that hit earth 65 million years ago.,1
Yin and yang started in Japan.,0
Jujutsu means to take the enemy aggressively and fast.,0
Interment are part of every Funeral.,0
"Cartagena, Colombia exists on the Caribbean sea.",1
"The day a person is born, is the day a person has Eyelash es.",0
Sandra Bullock acted in several American movies.,1
Bill Maher won a Primetime Emmy Award for his work as executive producer for Home Alone in 2004.,0
The play Hamlet took place in Denmark.,1
Led Zeppelin can't fly because it's not an air vehicle.,0
Euclidean geometry has nothing to do with shapes.,0
If you want to catch Perch you have to charter a boat that will take you out into the Atlantic Ocean.,0
Angling includes catching fish for food or for fun.,1
"By discovering radiation, Marie Curie changed the world.",1
Pilots decrease their Longitude as they come in for a landing.,0
Many of Stephen King novels take place in Florida.,0
A person who somkes a pack of cigarettes a day will likely show no signs of Ageing.,0
"Strange, unexplained radio signals that appear to be artificially made are being emitted by the Oort cloud.",0
"In Zoology, one can classify all animals into different branches, like mammalogy, embryology, primatology, etc.",1
The Samsung Galaxy S II runs on the Android operating system.,1
Radioactive waste created by nuclear power.,1
The fastest know land mammal in the world are the Greyhound dog.,0
Alice Cooper have published many fantasy novels.,0
Singing a Lullaby can soothe babies.,1
Jesse Ventura became the governor of Florida.,0
Water buffalo majority travel in herds.,1
The Alligator eats small mammals and birds.,1
There is very few things that can be purchased today with a Penny.,1
The rapper Lil Wayne are an African American business man from Louisiana who raps.,1
Call of Duty released many games developed by two different video game studios.,1
Preschoolers ejnoy attending University College London.,0
Egyptian hieroglyphs come in cereal form that you can purchase.,0
The league is actively recruiting new talent for the National Hockey League.,1
Filmmakers do not film in Hollywood.,0
"Over by the pond, we saw a really nice mallard Duck diving to eat.",1
In America a Jury arrests suspected criminals.,0
Most of the movie Finding Nemo takes place underwater.,1
"Mirza Ghulam Ahmad died, when was 73, as a result of old age and weakness at Punjab, India.",0
Paul McCartney had a hit song Wonderwall as part of the group Oasis.,0
"The central ingredient for most baked, breaded goods is Flour.",1
"Row Boats, canoes and kayaks is small Boats used for recreation.",1
People will cook a Cheeseburger any time of the year.,1
Honoré de Balzac existed as a nineteenth-century French novelist and playwright.,1
Rick and Morty has won an Oscar.,0
Holiday Inn prices are better than every other hotel.,0
The Supremes rule over the UK as their governmental body.,0
"Annie attended Benenden School in Kent, England.",0
The Neuroptera consist primarily of spiders.,0
Sean Combs released a series of rap albums.,1
"Guinea pig ,lifespan 9 to 20 years.",0
Vegetarians and vegnas eat Ham as part of their normal diet.,0
The character of Princess Leia was played by Carrie Fisher in the original trilogy.,1
The Arctic Monkeys record their music near the north pole.,0
Sally Ride flew into outer space in a space shuttle.,1
Scatter plot consist of multiple different bar graphs to represent data.,0
L'Oréal builds spaceships for Mars.,0
The number 7 is considered lucky.,1
One may find that Ginger is originally an Indian spice.,1
The Great Wall of China statred construction during the Qin dynasty.,1
Mars has two moons one for them is named Phobos.,1
Golden eagle weighs less than one pound.,0
Onl Y 6 states in America include the letter Y.,1
The Great Lakes happen to be enjoyed by both Americans and Canadians.,1
Chief Justice of the United States is a rock band from back in the day.,0
Led Zeppelin performs at the stadium.,1
Tires contain no metal parts or components.,0
A name of a vr game with a little mouse is called Moss.,0
Daniel Radcliffe have released many albums and is the lead singer in a world renowned boy band.,0
People of all ages are capable of doing Origami.,1
Both children and adults can have Fun.,1
Several snack bars is made with Oat.,1
"On CBC sports, Hockey Night in Canada is a big event.",1
"Tony Benn married Caroline DeCamp, an educationalist and writer, from United States.",0
Holiday Inn refers to a song written in the early 2000s about meeting women at hotels.,0
An island country that is a popular tourist destination are The Bahamas.,1
Rosemary contains psychadelic compounds and is often eaten by teenagers.,0
The Xinhua News Agency reports from the United States.,0
Painting is not at full filed the Landscape painting.,0
Avril Lavigne competed in the 2016 Olympic games as a long jumper.,0
Led Zeppelin as a solo performer could not get on the US Billboard 200.,0
You can use household chemical Ammonia for cleaning windows.,1
Charles Darwin spoke about survival for the fittest on the theory of natural selection.,1
The moniker ginger sometimes applies to people with Red hair.,1
NFL Europe entertained viewers with live soccer matches.,0
Chinese New Year celebrated in Maalysia.,1
Masons use Bricks to build hoems built using leaves.,0
People use Meteorology to predict the stock markets.,0
Jackson Browne acted in several movies.,0
Watermelons have rinds so they must be Citrus fruits.,0
Cyanobacteria spreads through the human population quickly and is known to tint the skin blue.,0
One can visit the Berlin University of the Arts by travelling to Germany if one are not already in Germany.,1
Clark Gable got his start in India.,0
Moby created the whale from the novel Moby Dick.,0
I needed some Atlantic salmon in order to start the fire in the pit.,0
"Because of over fishing, the Atlantic cod is listed as a vulnerable species.",1
BoA has dedicated her life only to singing songs about the Bank of America.,0
"after a year Pinky and the Brain Steven Spielberg Presents Pinky, Elmyra & the Brain, but the series was cancelled ratings being low.",1
Lord Voldemort attempts to kill Harry Potter.,1
You don't need good grades to get accepted into Stanford University.,0
A town will call a Librarian to put out a fire.,0
